1,1,0
1,1,0
8,2,0
0.0153809,0.0153809,0
0.311632,0.167969,0
1.04167,1.46875,0
0.842958,-0.0900623,0
3.52072,2.11806,0
5.10417,11.5312,0
8.78082,3.66569,0
0.584806,0.812481,0
0.639042,0.959633,0
0.0100267,0.00606961,0
0.307166,0.486922,0
0.304444,0.16321,0
1.05556,1.46667,0
0.84663,-0.000109546,0
3.5358,2.16654,0
5.25556,11.4667,0
8.72358,3.58222,0
0.619593,0.815935,0
0.661361,0.954722,0
0.00970956,0.00586697,0
0.336934,0.487141,0
0.354815,0.259506,0
0.0888889,0.466667,0
0.986187,0.751849,0
3.41543,2.34333,0
5.24444,11.3778,0
9.47358,4.92395,0
0.548662,0.753023,0
0.557873,0.827138,0
0.0137258,0.0100414,0
0.105242,0.26137,0
0.31125,0.174062,0
1.075,1.4,0
0.706006,0.744592,0
3.42359,2.41937,0
5.2,11.45,0
8.735,3.7475,0
0.595014,0.798167,0
0.646836,0.938395,0
0.0102441,0.00606445,0
0.310137,0.476625,0
1,1,0
1,1,0
6,12,0
0.0153809,0.0153809,0
1,1,0
1,1,0
6,12,0
0.0153809,0.0153809,0
1,1,0
1,1,0
6,12,0
0.0153809,0.0153809,0
1,1,0
1,1,0
6,12,0
0.0153809,0.0153809,0
1,1,0
1,1,0
6,12,0
0.0153809,0.0153809,0
1,1,0
1,1,0
6,12,0
0.0153809,0.0153809,0
1,1,0
1,1,0
6,12,0
0.0153809,0.0153809,0
1,1,0
1,1,0
10,2,0
0.0153809,0.0153809,0
1,1,0
1,1,0
14,10,0
0.0153809,0.0153809,0
0.5,0.5,0
0.99998,0.99999,0
2,5,0
12,6,0
4,16,0
0.301021,0.301021,0
0.301021,0.301021,0
0.0153809,0.0153809,0
0.555556,0.555556,0
0.999979,0.999989,0
1.88889,4.55556,0
11.3333,4.66667,0
3.55556,14.2222,0
0.276426,0.276426,0
0.276426,0.276426,0
0.0153809,0.0153809,0
0.5,0.5,0
0.99996,0.99996,0
1.25,1.25,0
13,11,0
1,1,0
0.301021,0.301021,0
0.301021,0.301021,0
0.0153809,0.0153809,0
0.351562,0.679688,0
0.0625,0.25,0
0.968695,-0.428558,0
10.9844,1.4375,0
2.6875,11.375,0
39.7148,1.85938,0
0.504937,0.261399,0
0.504937,0.261399,0
0.0135498,0.0135498,0
0.101526,0.101526,0
0.386667,0.653333,0
3.26667,0.133333,0
0.708329,0.772702,0
12.2,1.29333,0
2.06667,11.6,0
42.2489,1.04,0
0.470434,0.272596,0
0.470434,0.312729,0
0.0134364,0.0117698,0
0.106363,0.170528,0
0.3728,0.7152,0
3.92,0.08,0
0.652478,0.874966,0
12.28,1.32,0
2.48,11.6,0
40.6624,1.2,0
0.488224,0.239098,0
0.488224,0.263176,0
0.0130809,0.0130809,0
0.121059,0.121059,0
0.297778,0.662222,0
3.33333,0.0666667,0
0.628971,1.54541,0
11.0622,1.48889,0
3.6,11.4,0
37.4667,1.84,0
0.591682,0.272596,0
0.591682,0.272596,0
0.0116309,0.0134364,0
0.210661,0.106363,0
0.424009,0.315131,0
1.47761,0.223881,0
0.804211,0.160379,0
6.79383,1.3733,0
2.60448,12.8433,0
20.3749,1.27395,0
0.581384,0.55522,0
0.627051,0.618469,0
0.0111866,0.0101237,0
0.235696,0.23289,0
0.395912,0.322594,0
2.56746,0.202381,0
0.61832,-0.0721957,0
7.01983,1.3516,0
2.78175,12.869,0
18.4154,1.22492,0
0.60829,0.545788,0
0.648841,0.601533,0
0.00997126,0.0103364,0
0.291134,0.218739,0
0.434874,0.412232,0
1.56604,0.0716981,0
0.747988,0.615187,0
6.75009,1.34324,0
2.65283,12.8415,0
19.5766,1.32582,0
0.567728,0.452856,0
0.589014,0.473378,0
0.0123482,0.0136013,0
0.18045,0.105138,0
0.42126,0.322835,0
1.90157,0.216535,0
0.76794,1.01133,0
6.29338,1.34677,0
2.67323,12.8701,0
18.7025,1.19178,0
0.587092,0.538818,0
0.636761,0.601649,0
0.0110709,0.0102683,0
0.240614,0.228572,0
0.674211,0.315929,0
0.00925926,0.0324074,0
1.02365,1.0136,0
1.19539,1.6797,0
5.58333,12.1528,0
0.743056,2.69425,0
0.25186,0.534864,0
0.25186,0.539382,0
0.0150942,0.0144009,0
0.0228219,0.0621013,0
0.667868,0.203287,0
0.0637255,0.289216,0
1.4042,1.20079,0
1.15763,1.7079,0
5.67157,12.2402,0
0.48527,2.38838,0
0.268625,0.666003,0
0.268625,0.735331,0
0.0135163,0.0089568,0
0.102961,0.261197,0
0.669313,0.208177,0
0.0604651,0.27907,0
1.3846,1.21461,0
1.15719,1.71511,0
5.66977,12.2698,0
0.490946,2.42025,0
0.266971,0.66431,0
0.266971,0.73009,0
0.0136056,0.00909368,0
0.099117,0.257125,0
0.665413,0.208862,0
0.0591133,0.275862,0
1.28796,1.03509,0
1.17103,1.70145,0
5.64532,12.266,0
0.583562,2.37259,0
0.284377,0.654711,0
0.284377,0.721223,0
0.0136428,0.00913829,0
0.0974994,0.255792,0
0.7312,0.3856,0
0.999945,1.71424,0
1.1344,1.56,0
5.68,12.88,0
0.5376,2.1856,0
0.190938,0.495885,0
0.190938,0.495885,0
0.0153809,0.0130809,0
0.834711,0.396694,0
0.99993,0.669977,0
1.08264,1.41322,0
5.81818,13.2727,0
0.330579,1.38017,0
0.132293,0.444577,0
0.132293,0.526671,0
0.0153809,0.00918251,0
0.75463,0.390432,0
0.0277778,0.194444,0
1.23219,0.570847,0
1.1196,1.58256,0
5.75,13.0278,0
0.409722,2.13812,0
0.205166,0.47425,0
0.205166,0.531915,0
0.0145369,0.010486,0
0.0551165,0.213926,0
0.6576,0.344,0
0.04,0.24,0
1.12751,0.137932,0
1.3136,1.6496,0
5.88,12.88,0
1.1456,2.3456,0
0.299844,0.492122,0
0.299844,0.558462,0
0.0141809,0.00968086,0
0.0729285,0.239322,0
1,1,0
1,1,0
10,10,0
0.0153809,0.0153809,0
1,1,0
1,1,0
10,10,0
0.0153809,0.0153809,0
1,1,0
1,1,0
10,2,0
0.0153809,0.0153809,0
1,1,0
1,0,0
1,1,0
11,2,0
0.0153809,0.0153809,0
1.14974e+06,-0,0
1,1,0
1,0,0
4e+10,0,0
1,1,0
11,2,0
0.0153809,0.0153809,0
1.14974e+06,-0,0
1,1,0
1,1,0
10,2,0
0.0153809,0.0153809,0
0.5,0.722222,0
1.5,0,0
4.59988,0.999986,0
1.55556,3.22222,0
11.1667,3.33333,0
2.80556,8.88889,0
0.376765,0.195668,0
0.376765,0.195668,0
0.0110406,0.0153809,0
0.195668,-4.34882e-06,0
1,1,0
1,1,0
14,11,0
0.0153809,0.0153809,0
0.375,0.375,0
0.999985,0.999988,0
2.6875,3.6875,0
8.5,4.5,0
6.75,10.75,0
0.451532,0.451532,0
0.451532,0.451532,0
0.0153809,0.0153809,0
0.333333,0.333333,0
3,0.333333,0
2.55555,3.88889,0
12.3333,5,0
2.88889,12.6667,0
0.477108,0.477108,0
0.477108,0.477108,0
0.00843642,0.00843642,0
0.276426,0.276426,0
0.387755,0.346939,0
0.571429,0.285714,0
1.66664,6.83306,0
2.71429,1.2449,0
5.14286,11.4286,0
5.06122,1.67347,0
0.501046,0.468587,0
0.501046,0.468587,0
0.0115543,0.00900331,0
0.178103,0.259816,0
0.722222,0.5,0
0.999946,11.7993,0
1.13889,1.13889,0
2.33333,12,0
0.555556,0.333333,0
0.195668,0.376765,0
0.195668,0.376765,0
0.0153809,0.00843642,0
0.875556,0.28,0
0.0666667,0.533333,0
0.999999,1.38222,0
1,12.2667,0
0.0622222,0.728889,0
0.106363,0.470434,0
0.106363,0.608835,0
0.0134364,0.00760308,0
0.106363,0.300055,0
51576.3,-0.322255,0
0.755102,0.755102,0
0.999943,0.999943,0
1.12245,1.12245,0
2,11.7143,0
0.489796,0.489796,0
0.178103,0.178103,0
0.178103,0.178103,0
0.0153809,0.0153809,0
0.577605,0.357022,0
4.27793,0.149864,0
0.637057,0.195432,0
8.46257,1.33528,0
1.3297,12.7929,0
26.8557,1.17782,0
0.348125,0.509857,0
0.373172,0.551634,0
0.0127391,0.0113995,0
0.143016,0.183469,0
0.55759,0.351385,0
4.93983,0.157593,0
0.47599,-0.0434819,0
7.95544,1.32402,0
1.58166,12.7937,0
25.8886,1.15515,0
0.363598,0.515002,0
0.396111,0.558471,0
0.0118569,0.0112322,0
0.192262,0.189195,0
0.591444,0.422091,0
2.70027,0.0490463,0
0.727059,0.758846,0
8.19796,1.3164,0
1.27248,12.7902,0
27.779,1.24481,0
0.337952,0.437371,0
0.359785,0.449631,0
0.0129131,0.0139233,0
0.149596,0.0849817,0
0.555898,0.358423,0
4.76136,0.150568,0
0.678275,1.13453,0
8.60297,1.31663,0
1.59091,12.7926,0
26.0279,1.1587,0
0.365242,0.506746,0
0.401774,0.549724,0
0.0118771,0.0113841,0
0.192712,0.183999,0
0.180473,0.404467,0
0.515385,0.119231,0
0.902941,0.743748,0
5.95379,2.23083,0
8.34615,9.19615,0
18.5118,4.94999,0
0.847289,0.582577,0
0.855643,0.588003,0
0.012438,0.0131448,0
0.166032,0.130934,0
0.150632,0.34574,0
0.893443,0.82377,0
0.733662,0.430201,0
5.8319,2.27311,0
8.42623,9.10246,0
17.7953,4.36245,0
0.904816,0.67978,0
0.940879,0.70816,0
0.00974929,0.00936139,0
0.294962,0.334231,0
0.169384,0.346899,0
1.10943,0.754717,0
0.739399,0.687789,0
5.77864,2.32958,0
8.16604,9.16226,0
18.3334,4.52084,0
0.868671,0.665287,0
0.889376,0.696426,0
0.011282,0.0103751,0
0.251441,0.292833,0
0.159534,0.372945,0
1.14575,0.813765,0
0.771933,0.86429,0
5.50907,2.34262,0
8.39271,9.12146,0
17.9117,4.36581,0
0.908381,0.640459,0
0.924389,0.667451,0
0.0103063,0.0106034,0
0.297208,0.285984,0
0.29636,0.513831,0
0.190083,0.280992,0
0.850055,1.29943,0
2.59853,1.91073,0
9.31405,9.19008,0
5.50468,2.89775,0
0.682725,0.433757,0
0.698867,0.440606,0
0.0105699,0.011906,0
0.211207,0.196531,0
0.264863,0.495244,0
0.284483,0.491379,0
0.551216,1.22933,0
2.51754,1.93966,0
9.30172,9.16379,0
5.27965,2.79214,0
0.734629,0.468398,0
0.764816,0.468398,0
0.00968405,0.010901,0
0.262322,0.252299,0
0.280947,0.508757,0
0.176923,0.415385,0
0.660427,0.821606,0
2.47249,1.86248,0
9.17692,9.12308,0
5.96101,3.03101,0
0.692065,0.462268,0
0.703302,0.487454,0
0.0123169,0.0118823,0
0.17267,0.210099,0
0.263696,0.460271,0
0.333333,0.648649,0
0.661663,0.00735801,0
2.2249,1.71699,0
9.23423,9.13514,0
5.54874,2.7475,0
0.737532,0.498203,0
0.760549,0.542922,0
0.00971472,0.0101484,0
0.274664,0.287014,0
1,0.895062,0
1,1,0
10,9.77778,0
0.0153809,0.0137412,0
1,0.928669,0
1,1,0
10,9.85185,0
0.0153809,0.0142663,0
1,0.941231,0
1,1.47016,0
10,9.75758,0
0.0153809,0.0153809,0
1,0.843265,0
1,2.25388,0
10,9.65714,0
0.0153809,0.0129319,0
1,0.867347,0
1,2.06122,0
10,2.28571,0
0.0153809,0.0133082,0
1,0.847222,0
1,1,0
10,2.33333,0
0.0153809,0.0129937,0
1,1,0
1,1,0
10,2,0
0.0153809,0.0153809,0
1,0.82,0
1,2.44,0
10,2.4,0
0.0153809,0.0125684,0
0.290859,1,0
0.315789,0,0
1.24931,1,0
10.9474,2,0
0.68144,0,0
0.475925,-4.34882e-06,0
0.563215,-4.34882e-06,0
0.00862878,0.0153809,0
0.270841,-4.34882e-06,0
0.283447,1,0
0.571429,0,0
1.23583,1,0
10.7619,2,0
0.371882,0,0
0.395162,-4.34882e-06,0
0.567175,-4.34882e-06,0
0.0077278,0.0153809,0
0.296575,-4.34882e-06,0
0.277883,1,0
0.521739,0,0
1.57493,0,0
1.22684,1,0
10.7826,2,0
0.431002,0,0
0.422312,-4.34882e-06,0
0.576205,-4.34882e-06,0
0.00758313,0.0153809,0
0.300611,-4.34882e-06,0
0.301653,1,0
0.681818,0,0
2.17848,0,0
1.2314,1,0
10.8636,2,0
0.299587,0,0
0.354306,-4.34882e-06,0
0.553587,-4.34882e-06,0
0.00860142,0.0153809,0
0.271639,-4.34882e-06,0
0.598616,0.688581,0
0.0588235,0.0588235,0
0.999986,1.08499,0
2.97232,3.76817,0
8.64706,3.58824,0
7.16955,11.8893,0
0.378588,0.286561,0
0.378588,0.286561,0
0.0136508,0.0136508,0
0.0971508,0.0971508,0
0.416667,0.847222,0
0.25,1.33333,0
1.61361,0,0
2.22222,1,0
8.91667,2.33333,0
4.74306,1.22222,0
0.46691,0.124563,0
0.46691,0.124563,0
0.00952149,0.0129937,0
0.24421,0.124563,0
0.583333,0.708333,0
0.166667,0.333333,0
1.11687,1.39997,0
3.13889,2.25,0
8.5,3.16667,0
7.13889,6.97222,0
0.363482,0.245835,0
0.363482,0.245835,0
0.0110406,0.0129937,0
0.195668,0.124563,0
0.438017,0.685951,0
0.181818,0.363636,0
0.84396,1.40738,0
3.33058,2.33884,0
8.18182,3.27273,0
8.04959,7.47107,0
0.503581,0.260636,0
0.503581,0.260636,0
0.0107321,0.0127982,0
0.205907,0.132293,0
0.24,0.2,0
19.6,1.9,0
10.84,4.49,0
6.2,8.3,0
18.36,12.61,0
0.555816,0.676224,0
0.6535,0.736426,0
0.00788086,0.00819336,0
0.292277,0.348212,0
0.28,0.28,0
10,0.2,0
8.44,4.76,0
5.2,9.4,0
12.56,14.24,0
0.578541,0.578541,0
0.578541,0.578541,0
0.00663086,0.0103809,0
0.412684,0.217313,0
0.597222,0.722222,0
4.08333,0,0
0.999992,0.999932,0
7.80555,1.13889,0
2.25,11.6667,0
28.2431,0.555556,0
0.313315,0.195668,0
0.313315,0.195668,0
0.0129937,0.0153809,0
0.124563,-4.34882e-06,0
0.277778,0.333333,0
8.33333,0.333333,0
1.01625,1.32141,0
11.25,2.55555,0
3,9.33333,0
34.8889,8.55556,0
0.577447,0.539573,0
0.577447,0.539573,0
0.00756836,0.00843642,0
0.376765,0.276426,0
0.583369,0.235462,0
1.88803,0.339768,0
0.256894,0.375649,0
2.70943,1.37104,0
2.85328,12.4479,0
4.94832,1.22026,0
0.416224,0.615708,0
0.448635,0.716223,0
0.0122438,0.00837068,0
0.204963,0.278323,0
0.58852,0.211657,0
2.23482,0.408907,0
0.384394,0.440287,0
2.75597,1.37614,0
2.82591,12.4737,0
4.30363,1.15619,0
0.40892,0.625227,0
0.447818,0.747699,0
0.0117825,0.00782767,0
0.229576,0.293773,0
0.559479,0.321591,0
1.70741,0.17037,0
0.793917,0.963137,0
2.90513,1.40221,0
3.03333,12.4074,0
5.19052,1.4118,0
0.440723,0.568142,0
0.486272,0.619109,0
0.0117736,0.0109639,0
0.231107,0.198235,0
0.551872,0.211424,0
2.108,0.416,0
0.84228,0.649097,0
2.80078,1.41038,0
3.18,12.424,0
4.36206,1.14822,0
0.447489,0.626986,0
0.4917,0.751174,0
0.0111009,0.00778886,0
0.268721,0.294863,0
0.41103,0.612375,0
0.354331,0.0984252,0
0.5231,-0.201608,0
1.79255,1.16382,0
10.7087,10.2559,0
2.58212,0.552623,0
0.535563,0.343334,0
0.617667,0.369744,0
0.0108665,0.0126078,0
0.242465,0.139664,0
0.416612,0.617941,0
0.405983,0.128205,0
0.908448,-0.639626,0
1.70036,1.14596,0
10.7308,10.2137,0
2.26512,0.458616,0
0.52654,0.336999,0
0.613634,0.369146,0
0.0103477,0.0118881,0
0.264384,0.166309,0
0.435892,0.603292,0
0.326772,0.129921,0
1.29029,0.271897,0
1.67805,1.1514,0
10.4921,10.2244,0
2.49552,0.48901,0
0.494451,0.34719,0
0.575262,0.385367,0
0.0115209,0.0118483,0
0.215374,0.167732,0
0.420878,0.600847,0
0.468619,0.150628,0
1.66544,1.81301,0
1.56585,1.13379,0
10.7113,10.2259,0
2.16383,0.434306,0
0.512844,0.344466,0
0.606329,0.387209,0
0.010235,0.0113828,0
0.270557,0.184044,0
0.611767,0.757972,0
0.116071,0.0714286,0
1.16318,1.10937,0
10.3482,9.80357,0
0.459104,0.282844,0
0.305193,0.211194,0
0.332419,0.222877,0
0.0121746,0.0133082,0
0.155913,0.111743,0
0.628844,0.773605,0
0.104762,0.0666667,0
1.14821,1.09379,0
10.3333,9.81905,0
0.450794,0.262494,0
0.294146,0.199718,0
0.323964,0.217036,0
0.01245,0.0134364,0
0.145663,0.106363,0
0.640165,0.739339,0
0.0545455,0.0636364,0
1.95418,-0.41411,0
1.14289,1.09,0
10.3818,9.77273,0
0.563306,0.339256,0
0.281101,0.223399,0
0.29177,0.239929,0
0.0137693,0.0135188,0
0.0919261,0.102857,0
0.569262,0.735627,0
0.148936,0.0851064,0
4.39191,-4.69661,0
1.11917,1.05976,0
10.383,9.78723,0
0.470349,0.295156,0
0.330756,0.226936,0
0.357279,0.226936,0
0.0114198,0.0129476,0
0.182768,0.1264,0
1,0.966676,0
1,1,0
10,9.9322,0
0.0153809,0.0148602,0
1,0.891272,0
1,1,0
10,9.76923,0
0.0153809,0.013682,0
1,1,0
1,1,0
10,10,0
0.0153809,0.0153809,0
1,0.962278,0
1,1.30177,0
10,9.92308,0
0.0153809,0.0147915,0
1,0.63327,0
1,2.89036,0
10,3.30435,0
0.0153809,0.0128407,0
1,0.679012,0
1,3.41427,0
10,3.25926,0
0.0153809,0.0131946,0
1,0.7216,0
1,2.7664,0
10,3.04,0
0.0153809,0.0141809,0
1,0.578125,0
1,3.10059,0
10,3.21875,0
0.0153809,0.0110474,0
1,1,0
1,1,0
10,2,0
0.0153809,0.0153809,0
0.768991,1,0
0.129032,0,0
8.23234,0,0
1.03122,1,0
10.129,2,0
0.112383,0,0
0.166996,-4.34882e-06,0
0.198504,-4.34882e-06,0
0.0118689,0.0153809,0
0.166996,-4.34882e-06,0
0.85875,1,0
0.075,0,0
1.0475,1,0
10.075,2,0
0.069375,0,0
0.115681,-4.34882e-06,0
0.136409,-4.34882e-06,0
0.0132129,0.0153809,0
0.115681,-4.34882e-06,0
0.950033,1,0
0.025641,0,0
1.02564e+09,0,0
1,1,0
10.0256,2,0
0.0249836,0,0
0.0517796,-4.34882e-06,0
0.0517796,-4.34882e-06,0
0.0146001,0.0153809,0
0.0517796,-4.34882e-06,0
17572.9,-0,0
0.768889,0.768889,0
0.133333,2.13333,0
0.999999,1,0
9.86667,2.53333,0
0.115556,1.84889,0
0.170528,0.170528,0
0.170528,0.170528,0
0.0117698,0.0117698,0
0.170528,0.170528,0
112743,112743,0
0.68,1,0
0.2,0,0
1.16,1,0
9.4,2,0
1.44,0,0
0.217313,-4.34882e-06,0
0.217313,-4.34882e-06,0
0.0103809,0.0153809,0
0.217313,-4.34882e-06,0
0.708333,1,0
0.0833333,0,0
2.79986,0,0
1.13889,1,0
9.75,2,0
0.354167,0,0
0.245835,-4.34882e-06,0
0.245835,-4.34882e-06,0
0.0129937,0.0153809,0
0.124563,-4.34882e-06,0
0.68,1,0
0.99995,0,0
1.16,1,0
9.6,2,0
0.64,0,0
0.217313,-4.34882e-06,0
0.217313,-4.34882e-06,0
0.0153809,0.0153809,0
0.550188,0.334953,0
3.39437,1.23944,0
0.157447,0.950528,0
3.80837,4.84413,0
7.05634,4.57747,0
8.72089,14.8778,0
0.412221,0.634969,0
0.434239,0.696443,0
0.0119434,0.00954124,0
0.218836,0.321566,0
0.512352,0.358471,0
4.13534,1.53383,0
0.103787,0.988061,0
3.79371,4.7819,0
7.14286,4.58647,0
8.58873,15.0846,0
0.472383,0.615764,0
0.482221,0.651743,0
0.0113512,0.00998732,0
0.252122,0.297164,0
0.5239,0.349346,0
2.32414,0.813793,0
0.795717,0.983533,0
4.17355,5.19054,0
6.6,4.85517,0
11.1534,16.6066,0
0.438635,0.623053,0
0.46095,0.659908,0
0.0127426,0.0111998,0
0.18031,0.241638,0
0.533717,0.342003,0
3.75556,0.903704,0
0.785233,0.870379,0
4.13877,5.22914,0
6.85185,4.66667,0
9.03945,15.8667,0
0.424635,0.609988,0
0.451655,0.680235,0
0.0121881,0.00936577,0
0.196241,0.322463,0
0.145578,0.229932,0
8.99048,2,0
0.188952,0.842622,0
7.85769,4.57061,0
7.10476,9.73333,0
18.3996,12.8622,0
0.856847,0.832241,0
0.9405,0.907453,0
0.00884741,0.00833154,0
0.366192,0.371173,0
0.122438,0.19867,0
13.7684,2.73684,0
7.72864,4.93197,0
7.53684,9.66316,0
13.932,13.1076,0
0.872731,0.881496,0
0.996828,0.971602,0
0.00594873,0.00653391,0
0.524586,0.462654,0
0.146527,0.265722,0
7.76106,0.672566,0
0.585322,1.03735,0
7.53035,5.26345,0
6.64602,9.53982,0
19.3472,16.2484,0
0.827711,0.793347,0
0.936799,0.841982,0
0.00903493,0.0102953,0
0.347349,0.264815,0
0.124291,0.235586,0
12.3043,2.02174,0
0.436209,0.745909,0
8.09487,5.02127,0
7.08696,10,0
17.4234,13.3261,0
0.88657,0.801203,0
1.00177,0.924376,0
0.00668964,0.00732837,0
0.478791,0.401753,0
1,0.242623,0
1,1.53503,0
10,10.2568,0
0.0153809,0.00941654,0
1,0.19413,0
0.97983,0.744336,0
1,1.58834,0
10,10.3211,0
9.09495e-13,1.72207,0
0.0153809,0.00766957,0
1,0.194053,0
1,1.5796,0
10,10.3152,0
0.0153809,0.00778706,0
1,0.191232,0
1,1.5769,0
10,10.328,0
0.0153809,0.00774886,0
0.974578,0.307948,0
0.00854701,0.222222,0
0.495615,0.897289,0
1.00847,1.41617,0
10.0171,10.1197,0
0.0253488,1.43867,0
0.0333207,0.556935,0
0.0358892,0.623336,0
0.0151161,0.00997963,0
0.0213641,0.23004,0
1,0.282876,0
0.97983,0.765865,0
1,1.4291,0
10,10.1644,0
9.09495e-13,1.19672,0
0.0153809,0.00848463,0
1,0.318021,0
1,1.44114,0
10,10.1667,0
0.0153809,0.00987917,0
0.990784,0.283179,0
0.00462963,0.347222,0
1.00461,1.41735,0
10.0046,10.1806,0
0.0046082,1.14796,0
0.0128049,0.589122,0
0.0128049,0.675961,0
0.0152369,0.00829777,0
0.0128049,0.28042,0
1,0.308245,0
1,3.15628,0
10,8.69491,0
0.0153809,0.0102189,0
1,0.334541,0
0.97983,0.930294,0
1,2.52648,0
10,9.02128,0
9.09495e-13,6.10593,0
0.0153809,0.00928364,0
1,0.334201,0
1,2.22222,0
10,9.375,0
0.0153809,0.0119629,0
1,0.301606,0
0.97983,1.24151,0
1,2.61571,0
10,9.12195,0
9.09495e-13,6.35098,0
0.0153809,0.0103429,0
1,0.570579,0
1,3.17307,0
10,3.13953,0
0.0153809,0.0108852,0
1,0.579082,0
1,2.95281,0
10,2.96429,0
0.0153809,0.0105578,0
1,0.728191,0
1,1.54729,0
10,2.42424,0
0.0153809,0.0136017,0
1,0.505859,0
1,3.0625,0
10,3.3125,0
0.0153809,0.0104675,0
1,1,0
0.97983,0,0
1,1,0
10,2,0
9.09495e-13,1.42109e-14,0
0.0153809,0.0153809,0
1,1,0
1,1,0
10,2,0
0.0153809,0.0153809,0
1,1,0
1,1,0
10,2,0
0.0153809,0.0153809,0
1,1,0
1,1,0
10,2,0
0.0153809,0.0153809,0
0.54,0.66,0
0.3,3.2,0
1.09,2.44,0
9.7,2.8,0
0.21,2.56,0
0.265286,0.217313,0
0.348212,0.277515,0
0.00881836,0.0103809,0
0.265286,0.217313,0
0.555556,0.555556,0
0.999958,0.999989,0
1.22222,4.55556,0
9.33333,4.66667,0
0.888889,14.2222,0
0.276426,0.276426,0
0.276426,0.276426,0
0.0153809,0.0153809,0
0.46875,0.3125,0
0.25,3.625,0
4.19983,-0.0971417,0
1.23438,3.73438,0
9.5,4.125,0
0.5,5.60938,0
0.390963,0.602038,0
0.390963,0.602038,0
0.00952148,0.0065918,0
0.24421,0.466216,0
0.53125,0.46875,0
0.999959,0.866658,0
1.23438,4.75,0
9.25,4.875,0
0.9375,13.8594,0
0.287305,0.390963,0
0.287305,0.390963,0
0.0153809,0.0119629,0
0.818939,0.438085,0
0.0645161,0.774194,0
4.74098,0.79213,0
1.06035,2.08637,0
8.19355,3.22581,0
0.414152,3.91675,0
0.184234,0.508682,0
0.184234,0.566937,0
0.0134948,0.00943003,0
0.103882,0.330448,0
0.837429,0.572779,0
0.0434783,0.565217,0
4.13597,1.34325,0
1.04159,1.75992,0
8.13043,3.08696,0
0.200378,4.0794,0
0.154471,0.363838,0
0.154471,0.363838,0
0.0140812,0.010714,0
0.0776627,0.24312,0
0.6512,0.5488,0
0.12,0,0
1.89274,0.99998,0
1.1344,2.0464,0
8.36,3.12,0
0.6304,4.1856,0
0.308934,0.379617,0
0.333012,0.379617,0
0.0120809,0.0153809,0
0.159345,-4.34882e-06,0
0.756198,0.545455,0
0.0909091,0.409091,0
7.28502,0.486526,0
1.04339,2.15083,0
8.18182,2.95455,0
0.239669,3.1343,0
0.210665,0.401615,0
0.210665,0.439307,0
0.0127982,0.0115715,0
0.132293,0.210665,0
0.233333,0.297778,0
10.1,3.8,0
3.67667,3.44556,0
9.43333,6.66667,0
2.17889,6.95556,0
0.618527,0.644563,0
0.738926,0.704761,0
0.0073253,0.00791558,0
0.445539,0.403495,0
0.270321,0.387524,0
11.3478,1.6087,0
3.90737,3.07561,0
9.26087,6.91304,0
1.41021,8.25331,0
0.555347,0.517903,0
0.645056,0.517903,0
0.00905997,0.010714,0
0.300303,0.24312,0
0.316327,0.456633,0
0.0357143,0.321429,0
1.04404,0.821517,0
3.4324,2.80102,0
7.53572,6.53571,0
9.71811,7.89158,0
0.599296,0.472355,0
0.599296,0.472355,0
0.0143047,0.0123117,0
0.0669057,0.177482,0
0.289256,0.297521,0
8.18182,2.72727,0
3.92562,3.96694,0
9.36364,6.18182,0
1.41322,7.23967,0
0.546307,0.674535,0
0.628397,0.674535,0
0.00847229,0.00840772,0
0.374253,0.384583,0
0.902696,0.429323,0
0.999909,1.14713,0
1.04865,1.34845,0
10.1026,7.15385,0
0.194609,1.36095,0
0.0878374,0.416897,0
0.0878374,0.416897,0
0.0153809,0.0146001,0
0.746914,0.287037,0
0.0555556,0.277778,0
0.947264,0.615364,0
1.52701,1.36111,0
9.94444,7,0
2.05247,1.16667,0
0.238609,0.565145,0
0.255329,0.648756,0
0.0137412,0.00911157,0
0.0931731,0.256591,0
0.882812,0.335938,0
0.999917,1.16838,0
1.05859,1.37109,0
10.125,6.9375,0
0.234375,1.30859,0
0.101526,0.512582,0
0.101526,0.564409,0
0.0153809,0.0106201,0
0.633551,0.300416,0
0.0731707,0.219512,0
0.28818,0.770159,0
1.17133,1.53064,0
10.4146,7.19512,0
0.681737,2.10827,0
0.309455,0.601827,0
0.309455,0.625649,0
0.0132616,0.011384,0
0.113674,0.209424,0
0.736667,0.58,0
0.0333333,0.0666667,0
0.855722,0.813626,0
1.11556,1.17889,0
10.2667,7.53333,0
0.428889,0.648889,0
0.218074,0.316966,0
0.228104,0.33703,0
0.0143739,0.0134364,0
0.0634612,0.106363,0
0.813411,0.476052,0
0.0816327,0.102041,0
17.3299,0.999959,0
1.01999,1.21991,0
10.1224,7.36735,0
0.148272,0.763015,0
0.165282,0.379809,0
0.165282,0.40963,0
0.0130381,0.0125175,0
0.122783,0.14311,0
0.752403,0.488658,0
0.0980392,0.156863,0
7.37458,1.0984,0
1.05844,1.19915,0
10.1373,7.4902,0
0.236063,0.602845,0
0.230647,0.376514,0
0.230647,0.421579,0
0.0126175,0.0112478,0
0.139293,0.188662,0
0.76465,0.44518,0
0.0652174,0.217391,0
5.27875,0.999955,0
1.06096,1.20274,0
10.1957,7.47826,0
0.287807,0.553875,0
0.207416,0.394805,0
0.207416,0.458341,0
0.0134757,0.0100642,0
0.104695,0.227382,0
0.941231,0.17539,0
0.999883,0.784209,0
1.02938,3.10652,0
10.0606,5.60606,0
0.117539,7.26905,0
0.0589659,0.785238,0
0.0589659,0.875535,0
0.0153809,0.00728857,0
0.920139,0.138889,0
0.0416667,1.08333,0
1.03993,3.02083,0
10.0417,6.5,0
0.0399306,7.16667,0
0.0752134,0.871821,0
0.0752134,0.906371,0
0.014133,0.00691732,0
0.0752134,0.385508,0
0.889273,0.250865,0
0.0588235,0.147059,0
1.05536,2.77855,0
10.0588,5.02941,0
0.0553633,6.96972,0
0.0971508,0.649459,0
0.0971508,0.678186,0
0.0136508,0.0136237,0
0.0971508,0.114854,0
0.920139,0.180556,0
0.0416667,0.833333,0
1.03993,2.73438,0
10.0417,4.75,0
0.0399306,6.27083,0
0.0752134,0.742113,0
0.0752134,0.828083,0
0.014133,0.00724284,0
0.0752134,0.39865,0
1,0.326172,0
1,3.75,0
10,4.46875,0
0.0153809,0.00830078,0
0.941231,0.303949,0
0.030303,3.18182,0
1.02938,3.97153,0
10.0303,4.15152,0
0.0293848,7.40129,0
0.0589659,0.613014,0
0.0589659,0.692869,0
0.0144626,0.00685813,0
0.0589659,0.448853,0
1,0.390946,0
1,3.02469,0
10,3.74074,0
0.0153809,0.00912229,0
1,0.340278,0
1,3.90972,0
10,4.45833,0
0.0153809,0.00800239,0
0.906008,1,0
0.0487805,0,0
1.0238,1,0
10.0488,2,0
0.0464009,1.42109e-14,0
0.0846391,-4.29705e-06,0
0.0993191,-4.29705e-06,0
0.0139308,0.0153809,0
0.0846391,-4.29705e-06,0
0.94449,1,0
0.0285714,0,0
1.02775,1,0
10.0286,2,0
0.0277551,0,0
0.056337,-4.34882e-06,0
0.056337,-4.34882e-06,0
0.0145135,0.0153809,0
0.056337,-4.34882e-06,0
0.94449,1,0
0.0285714,0,0
1.02775,1,0
10.0286,2,0
0.0277551,0,0
0.056337,-4.34882e-06,0
0.056337,-4.34882e-06,0
0.0145135,0.0153809,0
0.056337,-4.34882e-06,0
0.939453,1,0
0.03125,0,0
1.25e+09,0,0
1,1,0
10.0312,2,0
0.0302734,0,0
0.0603846,-4.34882e-06,0
0.0603846,-4.34882e-06,0
0.0144348,0.0153809,0
0.0603846,-4.34882e-06,0
22043,-0,0
0.875556,0.875556,0
0.99998,0.99996,0
1.99556,1.24889,0
2.53333,13.7333,0
3.98222,0.995556,0
0.106363,0.106363,0
0.106363,0.106363,0
0.0153809,0.0153809,0
1,1,0
1,1,0
2,14,0
0.0153809,0.0153809,0
1,1,0
1,1,0
2,14,0
0.0153809,0.0153809,0
1,1,0
1,1,0
2,14,0
0.0153809,0.0153809,0
0.361678,0.241497,0
2.47619,0.761905,0
0.0191495,1.02891,0
2.21372,1.82313,0
3.47619,10.6667,0
2.29705,2.50794,0
0.491831,0.672054,0
0.534111,0.771484,0
0.0103497,0.00689517,0
0.257968,0.400172,0
0.354372,0.239974,0
2.69231,0.74359,0
2.27942,1.86917,0
3.5641,10.5897,0
2.29717,2.75477,0
0.50032,0.69066,0
0.547718,0.799799,0
0.00954589,0.00720367,0
0.287683,0.394193,0
0.32687,0.355956,0
2.42105,0.236842,0
0.0884845,0.156369,0
2.29917,1.71745,0
3.52632,10.7105,0
2.72299,2.99515,0
0.528027,0.584312,0
0.582657,0.584312,0
0.00940787,0.0111175,0
0.30805,0.220306,0
0.289062,0.220703,0
3.3125,1.03125,0
2.46484,1.74609,0
3.5625,10.5938,0
2.62109,2.42871,0
0.533342,0.63338,0
0.623976,0.776751,0
0.00817871,0.00668335,0
0.337634,0.383737,0
1,0.707701,0
1,1.10238,0
6,12.2842,0
0.0153809,0.0138227,0
1,0.583386,0
1,1.10832,0
6,12.2584,0
0.0153809,0.00939203,0
1,0.560741,0
1,1.13136,0
6,12.2778,0
0.0153809,0.00911157,0
1,0.56625,0
1,1.14437,0
6,12.275,0
0.0153809,0.00915039,0
1,1,0
1,1,0
6,12,0
0.0153809,0.0153809,0
1,1,0
1,1,0
10,2,0
0.0153809,0.0153809,0
1,1,0
1,0,0
1,1,0
11,2,0
0.0153809,0.0153809,0
1.14974e+06,-0,0
1,1,0
1,1,0
10,2,0
0.0153809,0.0153809,0
0.816009,0.646003,0
2.76056,0.0774648,0
0.507281,3.3243,0
4.50174,1.16663,0
2.30986,13.6549,0
10.0702,0.493602,0
0.16906,0.284219,0
0.185243,0.284219,0
0.0137195,0.0131476,0
0.0941335,0.118351,0
0.857652,0.656171,0
2.58647,0.075188,0
0.278369,3.03259,0
4.00073,1.18124,0
2.43609,13.6541,0
6.33908,0.526994,0
0.142059,0.287832,0
0.151429,0.287832,0
0.0136019,0.0132079,0
0.10858,0.115886,0
0.857759,0.725277,0
2.68493,0,0
0.248527,0.999946,0
4.12629,1.13736,0
2.34247,13.6712,0
6.26178,0.549446,0
0.135222,0.194064,0
0.144184,0.194064,0
0.0137624,0.0153809,0
0.0922344,-4.34882e-06,0
0.79391,0.639835,0
4.26667,0.0814815,0
0.18934,-2.98144,0
4.19813,1.12093,0
2.77037,13.637,0
6.91358,0.542332,0
0.197292,0.298633,0
0.220484,0.298633,0
0.0126219,0.013042,0
0.160011,0.122624,0
0.588179,0.83359,0
0.387097,0.0129032,0
0.290841,0.915955,0
1.44579,1.07684,0
2.47742,11.8323,0
0.881748,0.294443,0
0.326082,0.147789,0
0.326082,0.151669,0
0.0131345,0.0149828,0
0.127942,0.0299369,0
0.551312,0.831983,0
0.444444,0.0277778,0
0.258565,-0.182029,0
1.46832,1.06462,0
2.5,11.8472,0
0.888889,0.254437,0
0.3534,0.155857,0
0.364476,0.162636,0
0.0122718,0.0145369,0
0.162764,0.0551165,0
0.540249,0.773961,0
0.371258,0.0299401,0
0.317608,0.564096,0
1.45631,1.09617,0
2.56287,11.7784,0
0.96461,0.364086,0
0.36069,0.194223,0
0.380549,0.202969,0
0.0129662,0.0144732,0
0.134446,0.0584186,0
0.616802,0.831983,0
0.0625,0.0277778,0
0.685471,-0.182029,0
1.17665,1.06462,0
2.40972,11.8472,0
0.589072,0.254437,0
0.296614,0.155857,0
0.306078,0.162636,0
0.0135498,0.0145369,0
0.101526,0.0551165,0
0.695769,0.372996,0
0.0732601,0.0842491,0
1.30749,1.42016,0
1.13101,1.38356,0
5.79487,11.652,0
0.426787,1.48696,0
0.278874,0.517325,0
0.293624,0.534879,0
0.0132592,0.0129699,0
0.113773,0.125514,0
0.699578,0.266314,0
0.115079,0.301587,0
1.6018,1.65037,0
1.12527,1.40267,0
5.78968,11.6984,0
0.293068,1.27412,0
0.257712,0.603115,0
0.277226,0.684271,0
0.0121985,0.0087986,0
0.155037,0.265868,0
0.713127,0.277715,0
0.0714286,0.274436,0
1.20345,1.09999,0
1.1293,1.41344,0
5.7782,11.6729,0
0.383134,1.29528,0
0.251542,0.595286,0
0.267503,0.672492,0
0.0133082,0.00915833,0
0.111743,0.255192,0
0.712982,0.285736,0
0.0898438,0.265625,0
0.462158,0.614764,0
1.11621,1.41576,0
5.80859,11.6797,0
0.334457,1.28802,0
0.260391,0.586657,0
0.283734,0.663846,0
0.0128255,0.00928497,0
0.131225,0.251386,0
0.625,0.625,0
0.999954,0.999977,0
1.1875,1.75,0
7.5,11,0
0.75,3,0
0.24421,0.24421,0
0.24421,0.24421,0
0.0153809,0.0153809,0
0.5,0.5,0
0.99996,0.99998,0
1.25,2,0
7,12,0
1,4,0
0.301021,0.301021,0
0.301021,0.301021,0
0.0153809,0.0153809,0
0.5,0.5,0
0.99996,0.99998,0
1.25,2,0
7,12,0
1,4,0
0.301021,0.301021,0
0.301021,0.301021,0
0.0153809,0.0153809,0
1,1,0
1,1,0
8,10,0
0.0153809,0.0153809,0
1,1,0
1,1,0
8,10,0
0.0153809,0.0153809,0
1,1,0
1,1,0
10,10,0
0.0153809,0.0153809,0
0.5,0.5,0
0.5,0,0
1.25,5,0
10.5,6,0
0.25,16,0
0.301021,0.301021,0
0.301021,0.301021,0
0.00756836,0.0153809,0
0.301021,-4.34882e-06,0
1,1,0
1,1,0
10,2,0
0.0153809,0.0153809,0
1,1,0
1,1,0
10,2,0
0.0153809,0.0153809,0
0.5,1,0
0.99996,0,0
1.25,1,0
11,2,0
1,0,0
0.301021,-4.34882e-06,0
0.301021,-4.34882e-06,0
0.0153809,0.0153809,0
1,1,0
1,1,0
10,2,0
0.0153809,0.0153809,0
0.363943,0.326226,0
3.71841,1.23466,0
0.761999,0.817001,0
5.2928,2.06536,0
4.16606,12.7437,0
12.6754,2.8621,0
0.638421,0.581813,0
0.731269,0.626137,0
0.0101298,0.00976898,0
0.33427,0.323579,0
0.351786,0.3267,0
5.05725,1.27099,0
0.363912,0.831432,0
4.60027,2.10956,0
4.49237,12.729,0
10.387,2.92275,0
0.633024,0.570714,0
0.73519,0.625024,0
0.00904837,0.00992563,0
0.383059,0.315906,0
0.376663,0.43015,0
4.15162,0.0974729,0
0.248405,0.951774,0
4.45835,1.97353,0
4.21661,12.7762,0
11.3084,3.72607,0
0.604507,0.449015,0
0.669238,0.462552,0
0.0108377,0.0137623,0
0.245233,0.105071,0
0.337651,0.318568,0
5.61217,1.27376,0
4.37018,1.94354,0
4.64639,12.7491,0
10.0975,2.68988,0
0.636608,0.59066,0
0.754139,0.630833,0
0.00852853,0.00936389,0
0.405489,0.34482,0
0.315031,0.484093,0
2.99578,0.126582,0
0.481483,-0.387459,0
5.00367,1.20983,0
8.64979,12.557,0
14.0105,0.694013,0
0.573098,0.386785,0
0.618905,0.421014,0
0.0109868,0.0119259,0
0.237003,0.164953,0
0.261156,0.432082,0
4.37668,0.224215,0
3.82958,1.21702,0
9.66816,12.5381,0
10.3409,0.580386,0
0.605175,0.412964,0
0.684413,0.470051,0
0.00844891,0.00994515,0
0.336126,0.231119,0
0.270269,0.418886,0
2.28016,0.202335,0
0.543485,-0.661593,0
4.7077,1.23885,0
9.11284,12.4981,0
14.8175,0.716922,0
0.622281,0.452008,0
0.67914,0.509672,0
0.00967534,0.0103373,0
0.279509,0.218712,0
0.257387,0.441405,0
2.80702,0.214912,0
0.621694,0.328546,0
4.48977,1.19596,0
9.62281,12.5307,0
12.5068,0.564847,0
0.604378,0.397134,0
0.681516,0.461806,0
0.00869611,0.0101082,0
0.31662,0.225995,0
0.269291,0.249481,0
0.189189,0.305405,0
0.855977,0.838796,0
3.87136,3.11264,0
10.0865,9.74324,0
10.6372,8.02327,0
0.753948,0.733562,0
0.760246,0.787971,0
0.0121522,0.0106792,0
0.167154,0.241748,0
0.247676,0.188614,0
0.630682,1.1875,0
0.521635,0.517037,0
3.57747,3.22352,0
10.1761,9.67614,0
9.79749,7.3667,0
0.787658,0.790218,0
0.818799,0.918557,0
0.0101467,0.00731413,0
0.277215,0.419411,0
0.26888,0.210067,0
0.663957,1.03523,0
0.624477,0.621899,0
3.46094,3.12162,0
10.1978,9.729,0
9.92828,7.23821,0
0.739784,0.783278,0
0.772057,0.880174,0
0.0118439,0.00814219,0
0.220139,0.381475,0
0.251467,0.18611,0
0.756374,1.25212,0
0.711872,0.656629,0
3.26143,3.16159,0
10.2295,9.67705,0
9.68956,7.27814,0
0.782579,0.807276,0
0.830519,0.925038,0
0.00992655,0.00732917,0
0.300973,0.418271,0
0.581686,1,0
0.0967742,0,0
1.15609,1,0
9.58064,10,0
0.566077,0,0
0.322124,-4.34882e-06,0
0.348872,-4.34882e-06,0
0.0126493,0.0153809,0
0.13807,-4.34882e-06,0
0.458678,1,0
0.227273,0,0
1.14876,1,0
9.5,10,0
0.522727,0,0
0.389137,-4.34882e-06,0
0.438524,-4.34882e-06,0
0.00989274,0.0153809,0
0.232756,-4.34882e-06,0
0.62963,1,0
0.111111,0,0
1.09877,1,0
9.66667,10,0
0.444444,0,0
0.296931,-4.34882e-06,0
0.296931,-4.34882e-06,0
0.0122944,0.0153809,0
0.151487,-4.34882e-06,0
0.600907,1,0
0.142857,0,0
1.12245,1,0
9.66667,10,0
0.412698,0,0
0.307952,-4.34882e-06,0
0.347438,-4.34882e-06,0
0.0115543,0.0153809,0
0.178103,-4.34882e-06,0
0.929256,0.441322,0
0.0363636,1.03636,0
8.12817,0.726452,0
1.01785,4.9881,0
10,5.50909,0
0.0363636,14.6136,0
0.0787747,0.406269,0
0.0787747,0.406269,0
0.0142858,0.0132424,0
0.0678325,0.130942,0
0.95125,0.47625,0
0.025,0.4,0
4.0764,0.899991,0
1.02437,5,0
9.975,5.9,0
0.024375,15.59,0
0.0507633,0.344124,0
0.0507633,0.344124,0
0.0146191,0.0146191,0
0.0507633,0.0507633,0
0.90375,0.46375,0
0.025,0.625,0
5.10177,0.923264,0
1.02438,4.91,0
9.975,5.425,0
0.124375,14.8944,0
0.101253,0.382062,0
0.101253,0.382062,0
0.0146191,0.013877,0
0.0507633,0.101253,0
1,0.3808,0
1,4.9424,0
10,5.86,0
0.0153809,0.0115434,0
0.323342,1,0
0.232143,0,0
1.5025,0,0
1.24872,1,0
10.9821,2,0
0.767538,0,0
0.466368,-4.34882e-06,0
0.533537,-4.34882e-06,0
0.00981047,0.0153809,0
0.235315,-4.34882e-06,0
0.288927,1,0
0.323529,0,0
1.97136,0,0
1.24221,1,0
10.9118,2,0
0.668685,0,0
0.474508,-4.34882e-06,0
0.566603,-4.34882e-06,0
0.00854154,0.0153809,0
0.27338,-4.34882e-06,0
0.300926,1,0
0.305556,0,0
1.93498,0,0
1.23765,1,0
10.8611,2,0
0.675154,0,0
0.47027,-4.34882e-06,0
0.557249,-4.34882e-06,0
0.00874988,0.0153809,0
0.267299,-4.34882e-06,0
0.287329,1,0
0.317073,0,0
1.24985,1,0
10.9512,2,0
0.680547,1.42109e-14,0
0.47609,-4.29705e-06,0
0.567835,-4.29705e-06,0
0.00861405,0.0153809,0
0.271271,-4.29705e-06,0
0.319506,1,0
0.311111,0,0
1.22222,1,0
11.2444,2,0
0.629136,0,0
0.457368,-4.34882e-06,0
0.545425,-4.34882e-06,0
0.00868333,0.0153809,0
0.269248,-4.34882e-06,0
0.268166,1,0
0.529412,0,0
0.999967,0,0
1.24654,1,0
11.1765,2,0
0.439446,0,0
0.427199,-4.34882e-06,0
0.585141,-4.34882e-06,0
0.00759539,0.0153809,0
0.300269,-4.34882e-06,0
0.270204,1,0
0.4,0,0
0.183315,0,0
1.2449,1,0
11.1429,2,0
0.579592,0,0
0.465433,-4.34882e-06,0
0.58584,-4.34882e-06,0
0.00788086,0.0153809,0
0.292277,-4.34882e-06,0
0.288889,1,0
0.466667,0,0
1.22222,1,0
11.2667,2,0
0.462222,0,0
0.430301,-4.34882e-06,0
0.568702,-4.34882e-06,0
0.00760308,0.0153809,0
0.300055,-4.34882e-06,0
0.290123,1,0
0.333333,0,0
1.25,1,0
10.8889,2,0
0.654321,0,0
0.473068,-4.34882e-06,0
0.565209,-4.34882e-06,0
0.00843642,0.0153809,0
0.276426,-4.34882e-06,0
0.314879,1,0
0.705882,0,0
1.22837,1,0
11.1765,2,0
0.262976,0,0
0.327,-4.34882e-06,0
0.535209,-4.34882e-06,0
0.00889297,0.0153809,0
0.263086,-4.34882e-06,0
0.268595,1,0
0.590909,0,0
1.24174,1,0
11.1364,2,0
0.390496,0,0
0.406885,-4.34882e-06,0
0.584002,-4.34882e-06,0
0.00782662,0.0153809,0
0.293803,-4.34882e-06,0
0.311909,1,0
0.73913,0,0
0.303019,0,0
1.24953,1,0
11.087,2,0
0.253308,0,0
0.32137,-4.34882e-06,0
0.54331,-4.34882e-06,0
0.00935534,0.0153809,0
0.249261,-4.34882e-06,0
0.658689,0.53655,0
1.62097,0.104839,0
0.759146,2.91244,0
3.37741,1.17709,0
2.10484,12.4758,0
6.54026,0.65264,0
0.336971,0.361038,0
0.353603,0.37997,0
0.0132367,0.0124481,0
0.134672,0.145735,0
0.607273,0.481983,0
1.94545,0.881818,0
0.949264,0.61392,0
3.68835,1.30612,0
2.63636,12.3,0
5.6,1.44636,0
0.377329,0.428071,0
0.40496,0.456791,0
0.0117832,0.0107502,0
0.211426,0.249391,0
0.637944,0.552154,0
1.63492,0.0952381,0
0.763651,2.27259,0
3.24994,1.16837,0
2.38095,12.4762,0
6.02545,0.630386,0
0.348502,0.338793,0
0.379443,0.362048,0
0.0122157,0.0126881,0
0.180352,0.136574,0
0.584726,0.546465,0
2.2087,0.313043,0
0.694041,0.769814,0
3.72847,1.41558,0
2.64348,12.4174,0
8.01467,0.869263,0
0.38891,0.354988,0
0.424958,0.383606,0
0.0119333,0.0124343,0
0.195298,0.158271,0
0.302204,0.330959,0
0.163934,0.245902,0
0.787207,0.124002,0
1.46231,1.24328,0
8.31147,12.8197,0
1.61973,0.72158,0
0.573396,0.459782,0
0.620164,0.533564,0
0.0110977,0.00958604,0
0.193746,0.242235,0
0.305269,0.301353,0
0.198113,0.301887,0
1.36285,1.2411,0
8.27359,12.8491,0
1.24751,0.675329,0
0.527271,0.468982,0
0.584443,0.558828,0
0.0104163,0.00879489,0
0.216173,0.265977,0
0.29869,0.326909,0
0.18254,0.253968,0
0.22023,1.56767,0
1.46819,1.23765,0
7.97619,12.8254,0
1.61508,0.715546,0
0.556145,0.461703,0
0.605846,0.5362,0
0.0107178,0.00945997,0
0.206378,0.246086,0
0.320636,0.283839,0
0.182692,0.365385,0
0.210331,1.12075,0
1.36529,1.23881,0
7.875,12.8269,0
1.23807,0.60466,0
0.530022,0.465738,0
0.580248,0.574845,0
0.0107147,0.00813465,0
0.206477,0.285085,0
0.977389,0.482311,0
0.0114068,0.117871,0
1.00755,1.23427,0
12.0038,12.4981,0
0.0113924,0.782316,0
0.0302274,0.415819,0
0.0302274,0.440889,0
0.0150285,0.0121316,0
0.0270785,0.157493,0
0.983968,0.372301,0
0.00806452,0.278226,0
1.00402,1.23997,0
12,12.5363,0
0.00806452,0.63578,0
0.0227853,0.466647,0
0.0227853,0.547948,0
0.0151309,0.00910535,0
0.020362,0.256777,0
0.977558,0.36974,0
0.0113208,0.256604,0
1.88694e+08,1.12482,0
0.999999,1.24174,0
12.0038,12.5358,0
0.0113065,0.709092,0
0.0300366,0.480334,0
0.0300366,0.556769,0
0.0150311,0.00941966,0
0.0269115,0.247311,0
6108.06,-0.177013,0
0.984128,0.38368,0
0.008,0.276,0
4.00009e+08,2.9012,0
1,1.21038,0
12.008,12.508,0
0.007936,0.625936,0
0.020227,0.463834,0
0.020227,0.538852,0
0.0151329,0.00913636,0
0.020227,0.25585,0
4545.76,-0.170873,0
0.585069,0.271701,0
0.0416667,0.354167,0
0.888855,0.0181832,0
1.1875,1.76389,0
11.5,9.4375,0
0.708333,3.87109,0
0.30415,0.742402,0
0.316688,0.767483,0
0.014133,0.00961643,0
0.0752134,0.280943,0
0.56875,0.2375,0
0.075,0.425,0
0.139772,1.28936,0
1.17437,1.7775,0
11.525,9.825,0
0.649375,2.49437,0
0.325406,0.740006,0
0.346135,0.839474,0
0.0132129,0.00801758,0
0.115681,0.320283,0
0.5776,0.3184,0
0.04,0.38,0
1.1824,1.6544,0
11.48,9.78,0
0.7296,2.3316,0
0.307374,0.661849,0
0.307374,0.743169,0
0.0141809,0.00909336,0
0.0729285,0.29734,0
0.538765,0.276049,0
0.0666667,0.688889,0
2.24414,1.41991,0
1.21432,2.00543,0
11.4444,9.22222,0
0.735803,2.9284,0
0.339446,0.698049,0
0.339446,0.781029,0
0.0134364,0.00801975,0
0.106363,0.371782,0
1,0.315,0
1,5.41,0
10,6.825,0
0.0153809,0.0105957,0
1,0.322359,0
1,5.15912,0
10,7.03704,0
0.0153809,0.0104083,0
1,0.420918,0
1,5.07525,0
10,7.32143,0
0.0153809,0.0143047,0
1,0.314453,0
1,5.13965,0
10,6.59375,0
0.0153809,0.0102844,0
0.597815,0.793444,0
0.209677,0.774194,0
1.12409,2.6025,0
10.2742,2.70968,0
0.263528,4.39958,0
0.281541,0.186579,0
0.344386,0.186579,0
0.0102023,0.0139419,0
0.223014,0.0841309,0
0.506777,0.77124,0
0.327273,0.581818,0
0.999943,0.672609,0
1.1243,2.77719,0
10.3273,2.87273,0
0.220165,5.63835,0
0.274565,0.198595,0
0.372201,0.198595,0
0.00850069,0.0142858,0
0.274565,0.0678325,0
0.449009,0.765585,0
0.322034,0,0
1.18098,2.87532,0
10.4237,3.08475,0
0.345878,7.50129,0
0.351328,0.172355,0
0.446515,0.172355,0
0.00855811,0.0153809,0
0.272899,-4.34882e-06,0
0.52145,0.821746,0
0.288462,0.923077,0
1.14312,1.59172,0
10.3269,2.53846,0
0.258506,3.09467,0
0.299293,0.165567,0
0.385846,0.165567,0
0.00896675,0.013682,0
0.260902,0.0957836,0
0.412894,1,0
0.222222,0,0
1.22222,1,0
10.5926,2,0
0.611797,0,0
0.415437,-4.34882e-06,0
0.476862,-4.34882e-06,0
0.00997962,0.0153809,0
0.23004,-4.34882e-06,0
0.265625,1,0
0.5,0,0
2.33324,0,0
1.23438,1,0
10.875,2,0
0.484375,0,0
0.444674,-4.34882e-06,0
0.588326,-4.34882e-06,0
0.00756836,0.0153809,0
0.301021,-4.34882e-06,0
0.265306,1,0
0.428571,0,0
2.74991,0,0
1.2449,1,0
11,2,0
0.571429,0,0
0.468587,-4.34882e-06,0
0.587055,-4.34882e-06,0
0.0077278,0.0153809,0
0.296575,-4.34882e-06,0
0.293367,1,0
0.5,0,0
1.32743,0,0
1.21811,1,0
10.7143,2,0
0.418367,0,0
0.413842,-4.34882e-06,0
0.56213,-4.34882e-06,0
0.00756836,0.0153809,0
0.301021,-4.34882e-06,0
0.3568,1,0
0.24,0,0
0.479148,0,0
1.2304,1,0
10.72,2,0
0.6816,0,0
0.445164,-4.34882e-06,0
0.517407,-4.34882e-06,0
0.00968086,0.0153809,0
0.239322,-4.34882e-06,0
0.324263,1,0
0.761905,0,0
1.19085,0,0
1.24943,1,0
11.0476,2,0
0.235828,0,0
0.307952,-4.34882e-06,0
0.534712,-4.34882e-06,0
0.00971192,0.0153809,0
0.238364,-4.34882e-06,0
0.364198,1,0
0.833333,0,0
1.25,1,0
10.9444,2,0
0.16358,0,0
0.241736,-4.34882e-06,0
0.491785,-4.34882e-06,0
0.0110406,0.0153809,0
0.195668,-4.34882e-06,0
0.3024,1,0
0.72,0,0
0.99996,0,0
1.2496,1,0
11.04,2,0
0.2784,0,0
0.340547,-4.34882e-06,0
0.55535,-4.34882e-06,0
0.00908086,0.0153809,0
0.257508,-4.34882e-06,0
0.173343,0.133754,0
2.91262,1.81553,0
0.574176,0.733332,0
4.26044,3.51221,0
7.61165,8.18447,0
9.76152,8.1116,0
0.766049,0.90053,0
0.929485,1.03102,0
0.00832612,0.00684447,0
0.393082,0.475436,0
0.149078,0.127014,0
4.48193,1.96386,0
0.58119,0.803859,0
4.76862,3.2729,0
7.46988,8.59036,0
11.2429,7.54304,0
0.837196,0.892558,0
1.00109,1.03693,0
0.00758764,0.00650348,0
0.45741,0.488206,0
0.141869,0.143529,0
4.24706,1.10588,0
0.751454,0.917764,0
4.64484,3.43239,0
7.72941,8.54118,0
10.9448,8.81301,0
0.880171,0.863614,0
1.02203,0.94462,0
0.00753916,0.00803657,0
0.452617,0.391897,0
0.121959,0.115713,0
4.32051,2.20513,0
0.544581,0.531383,0
4.71598,3.18869,0
7.47436,8.35897,0
10.8884,7.51216,0
0.868569,0.882308,0
1.0578,1.05939,0
0.00603771,0.00566275,0
0.518839,0.534528,0
0.213867,0.371713,0
0.292776,0.619772,0
0.886215,0.925721,0
2.03604,2.68957,0
10.711,10.1407,0
3.57909,6.19694,0
0.760628,0.596296,0
0.857542,0.682032,0
0.0101898,0.0112095,0
0.25536,0.258497,0
0.165221,0.282836,0
0.549587,2.23141,0
1.3689,0.648681,0
2.01928,2.7173,0
10.9628,10.1983,0
3.19584,4.80363,0
0.799063,0.658158,0
0.966563,0.829993,0
0.00758117,0.00719057,0
0.358386,0.45922,0
0.201389,0.290892,0
0.352273,1.89015,0
1.45534,0.652549,0
1.93995,2.70074,0
10.7765,10.2614,0
3.43525,4.8976,0
0.780618,0.64369,0
0.887813,0.816878,0
0.0089785,0.00793109,0
0.292239,0.42674,0
0.178102,0.284619,0
0.422764,1.97154,0
1.37764,0.543188,0
1.86108,2.77978,0
10.8618,10.1829,0
3.34655,5.10881,0
0.799737,0.64785,0
0.921206,0.831616,0
0.00822573,0.0076768,0
0.319822,0.430867,0
0.735421,0.190606,0
0.254237,0.550847,0
0.535254,0.664341,0
1.23707,2.99461,0
11.7797,8.92373,0
0.76185,7.86706,0
0.282257,0.777038,0
0.30968,0.848978,0
0.0124453,0.00963314,0
0.173392,0.295335,0
0.824229,0.158464,0
0.232558,0.813953,0
1.15792,2.9109,0
12.1163,9.09302,0
0.312061,7.43321,0
0.183387,0.84249,0
0.204381,0.937141,0
0.0126767,0.00736977,0
0.162394,0.402552,0
0.937528,0.181304,0
0.0212766,0.638298,0
1.05217,3.177,0
11.8723,9.17021,0
0.189679,8.37528,0
0.0765917,0.77842,0
0.0765917,0.870985,0
0.0147301,0.00788312,0
0.0447092,0.360177,0
0.850271,0.163489,0
0.202247,0.730337,0
0.437696,1.09572,0
1.13988,3.11261,0
11.9775,9.06742,0
0.447166,7.63591,0
0.15902,0.813967,0
0.172545,0.905755,0
0.0133846,0.00757329,0
0.125851,0.386574,0
0.722288,0.322826,0
0.0733945,0.325688,0
1.09437,2.6891,0
11.7615,5.87615,0
0.346772,6.54888,0
0.234832,0.659862,0
0.254625,0.726254,0
0.0132556,0.0109877,0
0.113921,0.236157,0
0.752244,0.264266,0
0.0736842,0.857895,0
1.07712,2.67191,0
11.8,6.00526,0
0.286316,6.16313,0
0.21437,0.721347,0
0.233511,0.825458,0
0.0132479,0.00857252,0
0.11424,0.368123,0
0.795819,0.26259,0
0.0205128,0.630769,0
0.888517,0.913018,0
1.09205,2.76899,0
11.7949,6.09744,0
0.347666,6.54948,0
0.176252,0.69882,0
0.182422,0.806106,0
0.014753,0.00889089,0
0.043433,0.337677,0
0.772772,0.257215,0
0.0621762,0.803109,0
1.66926,0.875355,0
1.09289,2.74609,0
11.8135,6.08808,0
0.276088,6.28758,0
0.200502,0.731928,0
0.217685,0.831901,0
0.0135587,0.00848135,0
0.101144,0.367761,0
0.506348,0.324707,0
0.203125,1.84375,0
1.17944,2.52734,0
10.4219,3.53125,0
0.462646,5.06152,0
0.357591,0.585201,0
0.416363,0.717729,0
0.0103226,0.00731659,0
0.219182,0.456317,0
0.450617,0.375171,0
0.314815,1.31481,0
1.18278,2.64506,0
10.4259,3.42593,0
0.355624,4.83711,0
0.354246,0.552504,0
0.44687,0.647369,0
0.00864003,0.00799703,0
0.270513,0.411013,0
0.519445,0.431111,0
0.1,0.15,0
0.015038,0.980412,0
1.20305,2.70306,0
10.5333,3.51667,0
0.682222,6.58306,0
0.3569,0.540474,0
0.384539,0.540474,0
0.0125684,0.012525,0
0.141173,0.160736,0
0.534894,0.32461,0
0.19697,1.31818,0
0.796258,0.535954,0
1.14876,2.99174,0
10.3788,3.65152,0
0.417126,6.16644,0
0.33864,0.626144,0
0.397677,0.721437,0
0.010438,0.0083862,0
0.215476,0.403574,0
0.492769,0.752066,0
0.113636,0.590909,0
1.2183,0.623256,0
1.20816,2.74948,0
11.4318,2.86364,0
0.699897,5.29959,0
0.372885,0.246541,0
0.406095,0.246541,0
0.0122333,0.013347,0
0.153754,0.140614,0
0.548611,0.711806,0
0.0833333,0.666667,0
0.777737,0.699991,0
1.1875,3.22222,0
11.5,3.16667,0
0.666667,7.30556,0
0.337926,0.236366,0
0.363007,0.236366,0
0.0129937,0.014133,0
0.124563,0.0752134,0
0.658203,0.736328,0
0.999952,0.999986,0
1.1709,3.10938,0
11.5625,3.25,0
0.683594,8.4375,0
0.228135,0.188214,0
0.228135,0.188214,0
0.0153809,0.0153809,0
0.565972,0.78125,0
0.0416667,0,0
1.1875,2.75,0
11.4583,3,0
0.748264,7,0
0.314092,0.163621,0
0.314092,0.163621,0
0.014133,0.0153809,0
0.0752134,-4.34882e-06,0
0.386364,1,0
0.272727,0,0
1.21694,1,0
10.5909,2,0
0.559917,0,0
0.420386,-4.34882e-06,0
0.500828,-4.34882e-06,0
0.00918251,0.0153809,0
0.254467,-4.34882e-06,0
0.403114,1,0
0.264706,0,0
0.999955,0,0
1.19464,1,0
10.5588,2,0
0.540657,0,0
0.410771,-4.34882e-06,0
0.48974,-4.34882e-06,0
0.00929846,0.0153809,0
0.25098,-4.34882e-06,0
0.495983,1,0
0.189189,0,0
2.76177,0,0
1.1534,1,0
10.4595,2,0
0.518627,0,0
0.369296,-4.34882e-06,0
0.418448,-4.34882e-06,0
0.0105872,0.0153809,0
0.210644,-4.34882e-06,0
0.42768,1,0
0.225806,0,0
1.16843,0,0
1.19147,1,0
10.5484,2,0
0.570239,0,0
0.404031,-4.34882e-06,0
0.470997,-4.34882e-06,0
0.0099178,0.0153809,0
0.231974,-4.34882e-06,0
0.731864,1,0
0.151515,0,0
2.06439,0,0
1.05693,1,0
10.1515,2,0
0.128558,0,0
0.184709,-4.34882e-06,0
0.22899,-4.34882e-06,0
0.0113634,0.0153809,0
0.184709,-4.34882e-06,0
0.545139,1,0
0.291667,0,0
1.38088,0,0
1.10938,1,0
10.2917,2,0
0.206597,0,0
0.262148,-4.34882e-06,0
0.348647,-4.34882e-06,0
0.0089247,0.0153809,0
0.262148,-4.34882e-06,0
0.691327,1,0
0.178571,0,0
2.07676,0,0
1.06633,1,0
10.1786,2,0
0.146684,0,0
0.203771,-4.34882e-06,0
0.255961,-4.34882e-06,0
0.010797,0.0153809,0
0.203771,-4.34882e-06,0
0.597222,1,0
0.25,0,0
1.13889,1,0
10.25,2,0
0.1875,0,0
0.24421,-4.34882e-06,0
0.313315,-4.34882e-06,0
0.00952148,0.0153809,0
0.24421,-4.34882e-06,0
0.395957,0.60761,0
0.172414,0.586207,0
0.121212,-1.73181,0
1.23543,1.16409,0
8.72414,9.48276,0
0.751486,1.00832,0
0.428403,0.323479,0
0.478792,0.323479,0
0.0109219,0.0133372,0
0.199633,0.129736,0
0.3984,0.5104,0
0.16,1.32,0
3.20574,-5.35934,0
1.2176,1.1824,0
8.8,9.24,0
0.8,1.5424,0
0.433358,0.397341,0
0.433358,0.397341,0
0.0111809,0.0119809,0
0.190938,0.192513,0
0.366255,0.514403,0
0.185185,0.037037,0
3.30098,1.16069,0
1.24143,1.69136,0
9,9.14815,0
0.814815,2.71879,0
0.45337,0.375399,0
0.45337,0.375399,0
0.0106655,0.0142663,0
0.20809,0.0687881,0
0.453287,0.467128,0
0.0588235,1.05882,0
1.7285,1.36954,0
1.24221,1.95502,0
8.88235,9.29412,0
0.927336,1.26644,0
0.377267,0.436976,0
0.377267,0.436976,0
0.0136508,0.0106231,0
0.0971508,0.25115,0
0.40051,0.375,0
0.142857,0.464286,0
0.700505,-2.58964,0
1.23852,1.24872,0
9.21429,8.67857,0
0.811225,1.28954,0
0.424367,0.481347,0
0.467367,0.481347,0
0.0115543,0.0106376,0
0.178103,0.242574,0
0.387755,0.397959,0
0.142857,0.142857,0
0.708305,-1.28566,0
1.2449,1.25,0
9.14286,8.85714,0
0.836735,0.836735,0
0.43093,0.43093,0
0.47393,0.43093,0
0.0115543,0.0115543,0
0.178103,0.178103,0
0.334711,0.566116,0
0.227273,0,0
2.50417,0.999957,0
1.24174,1.21694,0
8.95455,8.63636,0
0.770661,0.867769,0
0.464785,0.271639,0
0.514172,0.271639,0
0.00989274,0.0153809,0
0.232756,-4.34882e-06,0
0.365079,0.405896,0
0.285714,0.190476,0
5.72473,2.16657,0
1.18141,1.20408,0
8.76191,8.66667,0
0.657596,0.698413,0
0.457265,0.424432,0
0.457265,0.470945,0
0.00900331,0.0105623,0
0.259816,0.211455,0
0.4464,0.1872,0
0.48,1.4,0
0.627957,0.0771799,0
1.5376,1.9536,0
10.64,5.8,0
1.8304,2,0
0.506865,0.678469,0
0.506865,0.824624,0
0.0110309,0.00763086,0
0.230008,0.407633,0
0.238754,0.197232,0
0.764706,1.11765,0
2.41868,2.11419,0
11,5.58824,0
3.05882,3.30104,0
0.679371,0.642192,0
0.714782,0.763565,0
0.00846044,0.00802792,0
0.327,0.397826,0
0.322314,0.289256,0
0.181818,0,0
1.76061,0.99998,0
1.77686,1.97521,0
10.1818,5.09091,0
2.44628,3.90083,0
0.558571,0.569258,0
0.558571,0.569258,0
0.0107321,0.0153809,0
0.205907,-4.34882e-06,0
0.335938,0.226562,0
0.4375,1.8125,0
5.19981,0.166663,0
1.3125,1.75,0
10.8125,5.1875,0
1.52734,1.15234,0
0.564409,0.548818,0
0.564409,0.729605,0
0.00915527,0.00793457,0
0.305261,0.361061,0
0.398889,0.376111,0
0.133333,0.2,0
1.34716,0.506442,0
1.24,1.23639,0
10.8333,2.73333,0
0.838889,0.728889,0
0.424413,0.438457,0
0.462717,0.497446,0
0.0117698,0.0103809,0
0.170528,0.217313,0
0.332645,0.379132,0
0.227273,0.227273,0
2.22213,0.328963,0
1.24174,1.23709,0
10.9091,2.68182,0
0.764463,0.671488,0
0.463038,0.436052,0
0.523328,0.496342,0
0.00989274,0.00989274,0
0.232756,0.232756,0
0.379109,0.440468,0
0.189189,0.189189,0
3.34322,0.482496,0
1.21914,1.20891,0
10.7838,2.56757,0
0.764061,0.623813,0
0.442045,0.401942,0
0.475737,0.458048,0
0.0105872,0.0105872,0
0.210644,0.210644,0
0.364892,0.437212,0
0.205128,0.179487,0
3.6537,0.620102,0
1.22222,1.2025,0
10.8205,2.58974,0
0.762656,0.652203,0
0.450764,0.404757,0
0.484325,0.457986,0
0.0102855,0.0107786,0
0.220365,0.204377,0
0.440167,0.71488,0
0.16129,0.741935,0
1.21852,1.34964,0
10.6129,2.35484,0
0.688866,1.00312,0
0.404031,0.239003,0
0.451169,0.258419,0
0.0111535,0.0109259,0
0.191864,0.258419,0
0.517751,0.721893,0
0.269231,1.03846,0
1.2954,-0.0399958,0
1.13018,1.03698,0
10.3462,2.34615,0
0.303254,0.918639,0
0.318399,0.255904,0
0.398244,0.279056,0
0.00923256,0.0110817,0
0.252964,0.255904,0
0.640604,1,0
0.037037,0,0
1.17284,1,0
10.4074,2,0
0.611797,0,0
0.273519,-4.34882e-06,0
0.273519,-4.34882e-06,0
0.0142663,0.0153809,0
0.0687881,-4.34882e-06,0
0.566667,0.813333,0
0.166667,0.6,0
4.1728,-0.051545,0
1.11555,1.53889,0
10.3667,2.2,0
0.432222,0.56,0
0.328458,0.168812,0
0.364674,0.188876,0
0.0110406,0.0124989,0
0.195668,0.168812,0
0.630178,0.857988,0
0.0384615,0,0
1.86657,0.999981,0
1.17751,2.13609,0
11.5769,2.61538,0
0.628698,4.54438,0
0.279751,0.117767,0
0.279751,0.117767,0
0.0142252,0.0153809,0
0.0707916,-4.40059e-06,0
0.585,0.815,0
0.15,0.45,0
1.9374,0.600876,0
1.16,2.1275,0
11.65,2.55,0
0.4275,3.3475,0
0.317277,0.171272,0
0.358738,0.171272,0
0.0113965,0.0138965,0
0.183572,0.0862054,0
0.591837,0.827664,0
0.999956,0.999983,0
1.20408,2.37868,0
11.4286,2.7619,0
0.816327,5.51474,0
0.259816,0.136574,0
0.259816,0.136574,0
0.0153809,0.0153809,0
0.5104,0.8528,0
0.12,0,0
1.1824,2.1776,0
11.48,2.64,0
0.6496,4.7104,0
0.364173,0.121059,0
0.397341,0.121059,0
0.0120809,0.0153809,0
0.159345,-4.29705e-06,0
0.331946,1,0
0.225806,0,0
1.2435,1,0
11.0645,2,0
0.770031,0,0
0.463856,-4.34882e-06,0
0.522522,-4.34882e-06,0
0.0099178,0.0153809,0
0.231974,-4.34882e-06,0
0.315972,1,0
0.25,0,0
0.496481,0,0
1.24826,1,0
10.9167,2,0
0.743056,0,0
0.467964,-4.34882e-06,0
0.543217,-4.34882e-06,0
0.00952148,0.0153809,0
0.24421,-4.34882e-06,0
0.53125,1,0
0.999959,0,0
1.23438,1,0
11.25,2,0
0.9375,0,0
0.287305,-4.34882e-06,0
0.287305,-4.34882e-06,0
0.0153809,0.0153809,0
0.342222,1,0
0.2,0,0
0.598189,0,0
1.24889,1,0
10.9333,2,0
0.795556,0,0
0.456925,-4.34882e-06,0
0.517127,-4.34882e-06,0
0.0103809,0.0153809,0
0.217313,-4.34882e-06,0
0.945988,1,0
0.0277778,0,0
1.11111e+09,0,0
1,1,0
10.0278,2,0
0.0270062,0,0
0.0551165,-4.34882e-06,0
0.0551165,-4.34882e-06,0
0.0145369,0.0153809,0
0.0551165,-4.34882e-06,0
19262.3,-0,0
0.792388,1,0
0.117647,0,0
4.70589e+09,0,0
1,1,0
10.1176,2,0
0.103806,0,0
0.157297,-4.34882e-06,0
0.157297,-4.34882e-06,0
0.0121369,0.0153809,0
0.157297,-4.34882e-06,0
99092.2,-0,0
0.860082,1,0
0.0740741,0,0
1.03567,1,0
10.0741,2,0
0.0685871,0,0
0.114668,-4.34882e-06,0
0.136962,-4.34882e-06,0
0.0132375,0.0153809,0
0.114668,-4.34882e-06,0
0.862826,1,0
0.0740741,0,0
2.96295e+09,0,0
1,1,0
10.0741,2,0
0.0685871,0,0
0.114668,-4.34882e-06,0
0.114668,-4.34882e-06,0
0.0132375,0.0153809,0
0.114668,-4.34882e-06,0
58797.2,-0,0
0.745,0.325,0
0.999944,1.606,0
1.1275,1.2475,0
5.7,13.15,0
0.51,0.7275,0
0.183572,0.46342,0
0.183572,0.536487,0
0.0153809,0.00952148,0
0.445312,0.289062,0
0.3125,0.3125,0
0.666636,-0.99996,0
1.1875,1.25,0
5.5625,12.9375,0
0.371094,0.683594,0
0.360679,0.475444,0
0.452014,0.566779,0
0.00866699,0.00866699,0
0.269726,0.269726,0
0.286982,0.399408,0
0.5,0.230769,0
1.22633,1.22633,0
5.26923,12.6154,0
0.427515,0.621302,0
0.418321,0.422455,0
0.568188,0.486244,0
0.00756836,0.00983352,0
0.301021,0.234599,0
0.443787,0.301775,0
0.307692,0.307692,0
1.13018,1.24852,0
5.53846,12.9231,0
0.402367,0.686391,0
0.372933,0.474597,0
0.448073,0.549737,0
0.00872406,0.00872406,0
0.268056,0.268056,0
1,0.355327,0
1,1.24662,0
6,12.8837,0
0.0153809,0.0106486,0
1,0.3,0
1,1.25,0
6,12.8,0
0.0153809,0.00788086,0
1,0.285996,0
1,1.24984,0
6,12.8205,0
0.0153809,0.00782005,0
1,0.283747,0
1,1.24977,0
6,12.8485,0
0.0153809,0.00774771,0
0.375904,0.35118,0
0.0718232,0.0497238,0
1.08234,0.912393,0
1.6708,1.56775,0
4.71271,11.3094,0
2.5915,2.22472,0
0.515871,0.539271,0
0.515871,0.553985,0
0.0132976,0.0139043,0
0.112182,0.0858518,0
0.368097,0.319862,0
0.1,0.158824,0
1.09441,1.63873,0
1.68516,1.53412,0
4.72353,11.3,0
2.56474,1.81,0
0.535999,0.588224,0
0.535999,0.605459,0
0.0125684,0.0119563,0
0.141173,0.179241,0
0.393072,0.333741,0
0.0353535,0.136364,0
1.02215,1.74569,0
1.6834,1.52148,0
4.68182,11.399,0
2.64118,1.79535,0
0.485427,0.573854,0
0.485427,0.5812,0
0.0143151,0.0123877,0
0.0663885,0.161351,0
0.389867,0.31627,0
0.0591716,0.159763,0
0.866319,1.73908,0
1.66405,1.54438,0
4.74556,11.3432,0
2.55656,1.85855,0
0.502334,0.594938,0
0.507237,0.608336,0
0.0136412,0.0119387,0
0.0975695,0.179962,0
0.918529,0.505012,0
0.020979,0.0559441,0
2.01879,0.67025,0
1.04118,1.27571,0
6.07692,12.1958,0
0.182894,1.08054,0
0.094031,0.403836,0
0.094031,0.419905,0
0.014739,0.0137304,0
0.0442135,0.0936506,0
0.927489,0.492983,0
0.0223881,0.11194,0
4.04464,1.9918,0
1.0147,1.23324,0
6.05224,12.2015,0
0.0793607,0.907162,0
0.0800806,0.447266,0
0.0800806,0.465234,0
0.0146969,0.0122743,0
0.0465446,0.152234,0
0.934933,0.487556,0
0.0133333,0.1,0
0.74306,2.29996,0
1.02596,1.2564,0
6.05333,12.1933,0
0.0904889,0.969289,0
0.0731997,0.45139,0
0.077209,0.463511,0
0.0149697,0.0125684,0
0.0307439,0.141173,0
0.927489,0.474382,0
0.0149254,0.126866,0
1.03592,1.25846,0
6.0597,12.1866,0
0.100913,0.927879,0
0.0800806,0.462205,0
0.0800806,0.481999,0
0.0149214,0.0119193,0
0.0336796,0.16519,0
0.625,0.625,0
0.999954,1e+10,0
1.1875,1,0
9.5,10.25,0
0.75,0.1875,0
0.24421,0.24421,0
0.24421,0.24421,0
0.0153809,0.00952148,0
1,1,0
1,1,0
10,10,0
0.0153809,0.0153809,0
0.555556,1,0
0.999958,0,0
1.22222,1,0
9.33333,10,0
0.888889,0,0
0.276426,-4.34882e-06,0
0.276426,-4.34882e-06,0
0.0153809,0.0153809,0
0.555556,0.555556,0
0.999958,-6.49975,0
1.22222,1.22222,0
9.33333,10.3333,0
0.888889,0.222222,0
0.276426,0.276426,0
0.276426,0.276426,0
0.0153809,0.00843642,0
0.68,0.68,0
0.8,3.2,0
1.6e+10,-3.2e+10,0
1,1,0
10.4,9.2,0
0.64,2.56,0
0.217313,0.217313,0
0.217313,0.217313,0
0.0103809,0.0103809,0
0.217313,0.217313,0
179976,179976,0
1,1,0
1,1,0
10,10,0
0.0153809,0.0153809,0
1,1,0
1,1,0
10,10,0
0.0153809,0.0153809,0
0.555556,0.555556,0
1.33333,5.33333,0
1.88889,4.55556,0
10.6667,8.66667,0
0.888889,3.55556,0
0.276426,0.276426,0
0.276426,0.276426,0
0.00843642,0.00843642,0
0.276426,0.276426,0
0.157442,0.185567,0
2.55763,0.760125,0
0.855778,0.43321,0
8.2797,2.33013,0
5.75389,9.88162,0
25.5197,4.64642,0
0.889872,0.760897,0
0.988242,0.931309,0
0.00827325,0.00790993,0
0.432393,0.383117,0
0.143026,0.183617,0
3.78689,0.822951,0
0.700508,0.469824,0
8.33495,2.30487,0
5.91803,9.90492,0
24.7637,4.57784,0
0.922241,0.757017,0
1.03985,0.949352,0
0.00712132,0.00745624,0
0.504318,0.401734,0
0.193792,0.234582,0
2.83939,0.457576,0
0.732142,0.883578,0
7.8785,2.32765,0
5.48182,9.91212,0
24.9868,4.91046,0
0.820606,0.720028,0
0.889523,0.832331,0
0.0110928,0.0105461,0
0.282505,0.271717,0
0.142488,0.184651,0
4.47059,1.03595,0
0.56629,0.985513,0
7.7589,2.35508,0
6.02614,9.9183,0
24.2015,4.37568,0
0.914353,0.751311,0
1.02856,0.957577,0
0.00725231,0.00728935,0
0.500012,0.426589,0
0.435133,0.651053,0
0.135021,0.135021,0
1.06419,1.08948,0
1.78848,1.23565,0
9.12236,10.0844,0
2.8922,0.617351,0
0.492776,0.33745,0
0.520715,0.360309,0
0.0117312,0.012524,0
0.171894,0.14999,0
0.417837,0.627141,0
0.204444,0.182222,0
0.658521,1.45096,0
1.72889,1.22665,0
9.15556,10.0667,0
2.76247,0.568889,0
0.50752,0.353749,0
0.55865,0.39447,0
0.0112981,0.0117346,0
0.208173,0.187378,0
0.461493,0.682083,0
0.141667,0.129167,0
0.532816,1.13723,0
1.69568,1.21248,0
9.14167,10.0292,0
2.8216,0.761649,0
0.490887,0.315123,0
0.514531,0.331756,0
0.0130648,0.0133002,0
0.139984,0.128861,0
0.39964,0.635367,0
0.274336,0.163717,0
0.241248,0.406434,0
1.66481,1.12673,0
9.15044,10.0664,0
2.70303,0.58409,0
0.538702,0.353395,0
0.586369,0.386334,0
0.0103418,0.0118683,0
0.247752,0.174758,0
1,1,0
1,1,0
10,10,0
0.0153809,0.0153809,0
0.834711,1,0
0.0909091,0,0
6.49948,0,0
1.08264,1,0
13.9091,2,0
0.0826446,0,0
0.132293,-4.34882e-06,0
0.132293,-4.34882e-06,0
0.0127982,0.0153809,0
0.132293,-4.34882e-06,0
0.625,0.625,0
0.999977,0.999988,0
1.75,4,0
13,4,0
3,12,0
0.24421,0.24421,0
0.24421,0.24421,0
0.0153809,0.0153809,0
0.5,1,0
0.5,0,0
10.9996,0,0
1.25,1,0
13.5,2,0
0.25,0,0
0.301021,-4.34882e-06,0
0.301021,-4.34882e-06,0
0.00756836,0.0153809,0
0.301021,-4.34882e-06,0
1,1,0
1,1,0
14,2,0
0.0153809,0.0153809,0
0.438272,1,0
0.166667,0,0
1.20062,1,0
13.3889,2,0
0.682099,0,0
0.405542,-4.34882e-06,0
0.45161,-4.34882e-06,0
0.0110406,0.0153809,0
0.195668,-4.34882e-06,0
0.555556,1,0
0.999958,0,0
1.22222,1,0
12.6667,2,0
0.888889,0,0
0.276426,-4.34882e-06,0
0.276426,-4.34882e-06,0
0.0153809,0.0153809,0
0.52,1,0
0.999959,0,0
1.24,1,0
12.8,2,0
0.96,0,0
0.292277,-4.34882e-06,0
0.292277,-4.34882e-06,0
0.0153809,0.0153809,0
0.387755,1,0
0.142857,0,0
3.91654,0,0
1.2449,1,0
13,2,0
0.857143,0,0
0.436124,-4.34882e-06,0
0.436124,-4.34882e-06,0
0.0115543,0.0153809,0
0.178103,-4.34882e-06,0
1,1,0
1,1,0
12,2,0
0.0153809,0.0153809,0
1,1,0
1,1,0
12,2,0
0.0153809,0.0153809,0
1,1,0
1,1,0
12,2,0
0.0153809,0.0153809,0
1,1,0
1,1,0
12,2,0
0.0153809,0.0153809,0
1,1,0
1,1,0
12,2,0
0.0153809,0.0153809,0
1,1,0
1,1,0
12,2,0
0.0153809,0.0153809,0
1,1,0
1,1,0
14,2,0
0.0153809,0.0153809,0
1,1,0
1,1,0
14,2,0
0.0153809,0.0153809,0
0.435557,0.49561,0
0.149733,0.139037,0
0.775253,0.446731,0
1.35695,1.32863,0
11.0053,10.1497,0
1.06414,1.25031,0
0.397645,0.461706,0
0.41657,0.505252,0
0.0133487,0.0119904,0
0.117787,0.171467,0
0.35403,0.427647,0
0.27439,0.323171,0
0.243168,-1.43234,0
1.37061,1.24316,0
11.0549,10.2012,0
0.966501,0.843657,0
0.462255,0.469031,0
0.513222,0.558082,0
0.0106764,0.0088871,0
0.218236,0.28206,0
0.355404,0.421936,0
0.242268,0.283505,0
0.186438,-0.76717,0
1.45619,1.25085,0
10.933,10.2216,0
1.78417,0.791078,0
0.476107,0.479726,0
0.521239,0.557301,0
0.0110507,0.00920742,0
0.204419,0.263505,0
0.321731,0.408392,0
0.405714,0.354286,0
1.24705,1.29989,0
11,10.1943,0
1.05143,0.750824,0
0.485822,0.485136,0
0.549002,0.581869,0
0.00969515,0.00882678,0
0.25625,0.286427,0
0.514919,0.91448,0
0.0707965,0.0265487,0
1.22022,1.04229,0
10.6018,10.0619,0
0.770616,0.0935077,0
0.352464,0.0916213,0
0.364044,0.0916213,0
0.0133251,0.0145732,0
0.111038,0.0532064,0
0.423508,0.87143,0
0.23301,0.0679612,0
1.22434,1.04619,0
10.5631,10.068,0
0.576115,0.0633425,0
0.409222,0.107841,0
0.466123,0.125495,0
0.00979598,0.0134014,0
0.235764,0.107841,0
0.388074,0.863999,0
0.232143,0.0535714,0
1.22959,1.04265,0
10.6429,10.0893,0
0.640306,0.117028,0
0.428959,0.129183,0
0.493986,0.145305,0
0.00981047,0.0137964,0
0.235315,0.0907153,0
0.417743,0.901708,0
0.22449,0.0408163,0
0.449979,4.57239,0
1.20408,1.01999,0
10.5714,10.0612,0
0.591837,0.0778842,0
0.410282,0.098589,0
0.477856,0.108553,0
0.00994042,0.0141574,0
0.231267,0.0740515,0
0.5,0.5,0
0.5,0,0
2,1.25,0
9.5,11,0
2.25,1,0
0.301021,0.301021,0
0.301021,0.301021,0
0.00756836,0.0153809,0
0.301021,-4.34882e-06,0
0.375,0.625,0
0.25,0.25,0
1.6875,1.1875,0
9.25,10.25,0
1.6875,0.1875,0
0.451532,0.24421,0
0.451532,0.24421,0
0.00952148,0.00952148,0
0.24421,0.24421,0
0.5,0.625,0
0.99996,-5.6664,0
1.25,1.1875,0
9,10.25,0
1,0.1875,0
0.301021,0.24421,0
0.301021,0.24421,0
0.0153809,0.00952148,0
1,1,0
1,1,0
12,2,0
0.0153809,0.0153809,0
1,1,0
1,1,0
12,2,0
0.0153809,0.0153809,0
1,1,0
1,1,0
12,2,0
0.0153809,0.0153809,0
1,1,0
1,1,0
12,2,0
0.0153809,0.0153809,0
1,1,0
1,1,0
12,2,0
0.0153809,0.0153809,0
1,1,0
1,1,0
12,2,0
0.0153809,0.0153809,0
1,1,0
1,1,0
12,2,0
0.0153809,0.0153809,0
1,1,0
1,1,0
12,2,0
0.0153809,0.0153809,0
1,1,0
1,1,0
12,2,0
0.0153809,0.0153809,0
1,1,0
1,1,0
12,2,0
0.0153809,0.0153809,0
1,1,0
1,1,0
12,2,0
0.0153809,0.0153809,0
1,1,0
1,1,0
12,2,0
0.0153809,0.0153809,0
1,1,0
1,1,0
12,2,0
0.0153809,0.0153809,0
0.53125,1,0
0.999959,0,0
1.23438,1,0
13.25,2,0
0.9375,0,0
0.287305,-4.34882e-06,0
0.287305,-4.34882e-06,0
0.0153809,0.0153809,0
1,1,0
1,1,0
14,2,0
0.0153809,0.0153809,0
1,1,0
1,1,0
14,2,0
0.0153809,0.0153809,0
1,1,0
1,1,0
14,2,0
0.0153809,0.0153809,0
0.614317,0.540946,0
0.0540541,0.0990991,0
0.869982,1.01358,0
1.20794,1.66196,0
11.5315,11.1081,0
0.777697,2.61894,0
0.322198,0.413539,0
0.338466,0.441638,0
0.013783,0.0125909,0
0.0913162,0.140311,0
0.693757,0.655597,0
0.0659341,0.164835,0
1.50641,1.18366,0
1.13018,1.59824,0
11.7143,11.3736,0
0.423862,1.97029,0
0.252451,0.299979,0
0.270674,0.340921,0
0.0134563,0.012543,0
0.105522,0.162869,0
0.651652,0.603279,0
0.0630631,0.144144,0
1.58723,0.985293,0
1.1534,1.61359,0
11.6486,11.2613,0
0.516192,2.22904,0
0.276877,0.351648,0
0.293258,0.384438,0
0.0135344,0.0121192,0
0.102187,0.170622,0
0.658413,0.580408,0
0.0761905,0.209524,0
1.33519,0.88261,0
1.14204,1.81143,0
11.6762,11.219,0
0.466576,2.72345,0
0.275029,0.37683,0
0.296915,0.422878,0
0.0131813,0.0112652,0
0.116975,0.210285,0
0.499339,0.411686,0
0.0135593,0.0372881,0
0.846579,0.964236,0
1.2431,1.85355,0
11.1593,10.4034,0
0.961057,3.38643,0
0.322497,0.458177,0
0.325804,0.469143,0
0.0149629,0.0142591,0
0.0311655,0.0691431,0
0.454211,0.374842,0
0.0652174,0.155797,0
1.79319,1.28008,0
1.24664,1.89251,0
11.1667,10.4167,0
0.907005,3.33001,0
0.379601,0.491149,0
0.389476,0.521192,0
0.0134757,0.0112707,0
0.104695,0.187882,0
0.45806,0.381467,0
0.0687285,0.154639,0
1.87119,1.26514,0
1.24454,1.88124,0
11.2027,10.4777,0
0.890164,3.28043,0
0.379386,0.486013,0
0.389084,0.51674,0
0.0133807,0.0112957,0
0.108711,0.18703,0
0.454807,0.379915,0
0.0706714,0.159011,0
1.89321,1.26617,0
1.24525,1.88938,0
11.1943,10.4629,0
0.891558,3.29456,0
0.381759,0.484431,0
0.391732,0.515368,0
0.0133285,0.0112019,0
0.110898,0.190223,0
0.553719,0.445363,0
0.121212,0.212121,0
0.0587235,0.0833331,0
1.54729,1.26446,0
8.72727,10.1515,0
1.89532,0.795225,0
0.398351,0.429698,0
0.398351,0.484426,0
0.0120521,0.0101582,0
0.160391,0.224415,0
0.475,0.485,0
0.1,0.15,0
0.38223,2.2949,0
1.6475,1.3475,0
9,10.25,0
2.5,0.8875,0
0.426434,0.384974,0
0.426434,0.384974,0
0.0125684,0.0113965,0
0.141173,0.183572,0
0.400826,0.46281,0
0.136364,0.0909091,0
1.14812,0.848241,0
1.61364,1.29959,0
9.04545,10.2727,0
2.31612,1.10744,0
0.482272,0.426828,0
0.519964,0.45419,0
0.0117006,0.0127982,0
0.172974,0.132293,0
0.359504,0.371901,0
0.272727,0.227273,0
2.76699,0.0517113,0
1.51446,1.23967,0
9.09091,10.3182,0
2.17355,1.03512,0
0.551863,0.485439,0
0.551863,0.529838,0
0.00918251,0.00989274,0
0.254467,0.232756,0
1,1,0
1,1,0
12,2,0
0.0153809,0.0153809,0
1,1,0
1,1,0
12,2,0
0.0153809,0.0153809,0
1,1,0
1,1,0
12,2,0
0.0153809,0.0153809,0
1,1,0
1,1,0
12,2,0
0.0153809,0.0153809,0
1,1,0
1,1,0
12,2,0
0.0153809,0.0153809,0
1,1,0
1,1,0
12,2,0
0.0153809,0.0153809,0
1,1,0
1,1,0
12,2,0
0.0153809,0.0153809,0
1,1,0
1,1,0
12,2,0
0.0153809,0.0153809,0
1,1,0
1,1,0
12,2,0
0.0153809,0.0153809,0
1,1,0
1,1,0
12,2,0
0.0153809,0.0153809,0
1,1,0
1,1,0
12,2,0
0.0153809,0.0153809,0
1,1,0
1,1,0
12,2,0
0.0153809,0.0153809,0
1,1,0
1,1,0
12,2,0
0.0153809,0.0153809,0
1,1,0
1,1,0
12,2,0
0.0153809,0.0153809,0
1,1,0
1,1,0
10,8,0
0.0153809,0.0153809,0
1,1,0
1,1,0
10,6,0
0.0153809,0.0153809,0
1,1,0
1,1,0
10,8,0
0.0153809,0.0153809,0
1,1,0
1,1,0
10,8,0
0.0153809,0.0153809,0
1,1,0
1,1,0
10,8,0
0.0153809,0.0153809,0
1,1,0
1,1,0
10,8,0
0.0153809,0.0153809,0
0.5,0.5,0
0.5,0.5,0
1.25,1.25,0
8.5,9.5,0
0.25,0.25,0
0.301021,0.301021,0
0.301021,0.301021,0
0.00756836,0.00756836,0
0.301021,0.301021,0
1,1,0
1,1,0
12,2,0
0.0153809,0.0153809,0
1,1,0
1,1,0
12,2,0
0.0153809,0.0153809,0
1,1,0
1,1,0
12,2,0
0.0153809,0.0153809,0
1,1,0
1,1,0
12,2,0
0.0153809,0.0153809,0
1,1,0
1,1,0
12,2,0
0.0153809,0.0153809,0
1,1,0
1,1,0
12,2,0
0.0153809,0.0153809,0
1,1,0
1,1,0
12,2,0
0.0153809,0.0153809,0
1,1,0
1,1,0
12,2,0
0.0153809,0.0153809,0
1,1,0
1,1,0
12,2,0
0.0153809,0.0153809,0
1,1,0
1,1,0
12,2,0
0.0153809,0.0153809,0
1,1,0
1,1,0
12,2,0
0.0153809,0.0153809,0
1,1,0
1,1,0
12,2,0
0.0153809,0.0153809,0
1,1,0
1,1,0
12,2,0
0.0153809,0.0153809,0
1,1,0
1,1,0
8,12,0
0.0153809,0.0153809,0
1,1,0
1,1,0
8,12,0
0.0153809,0.0153809,0
1,1,0
1,1,0
8,12,0
0.0153809,0.0153809,0
1,1,0
1,1,0
8,12,0
0.0153809,0.0153809,0
1,1,0
1,1,0
10,12,0
0.0153809,0.0153809,0
1,1,0
1,1,0
10,12,0
0.0153809,0.0153809,0
0.891776,1,0
0.0188679,0,0
1.03631,1,0
9.90566,12,0
0.160911,0,0
0.110101,-4.34882e-06,0
0.110101,-4.34882e-06,0
0.0148024,0.0153809,0
0.0406413,-4.34882e-06,0
0.953515,1,0
0.0238095,0,0
1,1,0
9.97619,12,0
0.0232426,0,0
0.0488563,-4.34882e-06,0
0.0488563,-4.34882e-06,0
0.0146545,0.0153809,0
0.0488563,-4.34882e-06,0
16139.3,-0,0
1,1,0
1,1,0
10,12,0
0.0153809,0.0153809,0
1,1,0
1,1,0
10,12,0
0.0153809,0.0153809,0
1,1,0
1,1,0
10,12,0
0.0153809,0.0153809,0
1,1,0
1,1,0
10,2,0
0.0153809,0.0153809,0
1,1,0
1,1,0
10,2,0
0.0153809,0.0153809,0
1,1,0
1,1,0
10,2,0
0.0153809,0.0153809,0
1,1,0
1,1,0
12,2,0
0.0153809,0.0153809,0
1,1,0
1,1,0
10,12,0
0.0153809,0.0153809,0
1,1,0
0.97983,0.985674,0
1,1,0
10,12,0
9.09495e-13,9.09495e-13,0
0.0153809,0.0153809,0
1,1,0
0.97983,0.985674,0
1,1,0
10,12,0
9.09495e-13,9.09495e-13,0
0.0153809,0.0153809,0
1,1,0
1,1,0
10,12,0
0.0153809,0.0153809,0
1,1,0
1,1,0
10,12,0
0.0153809,0.0153809,0
1,1,0
1,1,0
10,2,0
0.0153809,0.0153809,0
0.306122,1,0
0.428571,0,0
3.09983,0,0
1.20408,1,0
10.7143,2,0
0.489796,0,0
0.436124,-4.34882e-06,0
0.554592,-4.34882e-06,0
0.0077278,0.0153809,0
0.296575,-4.34882e-06,0
0.5,1,0
0.5,0,0
1.25,1,0
10.5,2,0
0.25,0,0
0.301021,-4.34882e-06,0
0.301021,-4.34882e-06,0
0.00756836,0.0153809,0
0.301021,-4.34882e-06,0
0.388889,1,0
0.5,0,0
1.22222,1,0
10.5,2,0
0.25,0,0
0.301021,-4.34882e-06,0
0.439234,-4.34882e-06,0
0.00756836,0.0153809,0
0.301021,-4.34882e-06,0
0.5,1,0
0.333333,0,0
1.13889,1,0
10.3333,2,0
0.222222,0,0
0.276426,-4.34882e-06,0
0.376765,-4.34882e-06,0
0.00843642,0.0153809,0
0.276426,-4.34882e-06,0
0.625,1,0
0.25,0,0
1.1875,1,0
10.25,2,0
0.1875,0,0
0.24421,-4.34882e-06,0
0.24421,-4.34882e-06,0
0.00952148,0.0153809,0
0.24421,-4.34882e-06,0
1,1,0
1,1,0
10,2,0
0.0153809,0.0153809,0
0.428571,1,0
0.428571,0,0
4.49983,0,0
1.12245,1,0
10.4286,2,0
0.244898,0,0
0.296575,-4.34882e-06,0
0.415042,-4.34882e-06,0
0.0077278,0.0153809,0
0.296575,-4.34882e-06,0
0.40625,1,0
0.5,0,0
8.99946,0,0
1.10938,1,0
10.5,2,0
0.25,0,0
0.301021,-4.34882e-06,0
0.423126,-4.34882e-06,0
0.00756836,0.0153809,0
0.301021,-4.34882e-06,0
1,1,0
1,1,0
10,2,0
0.0153809,0.0153809,0
1,1,0
1,1,0
10,2,0
0.0153809,0.0153809,0
1,1,0
1,1,0
10,2,0
0.0153809,0.0153809,0
1,1,0
1,1,0
10,2,0
0.0153809,0.0153809,0
1,1,0
1,1,0
10,2,0
0.0153809,0.0153809,0
1,1,0
1,1,0
10,2,0
0.0153809,0.0153809,0
1,1,0
1,1,0
10,2,0
0.0153809,0.0153809,0
1,1,0
1,1,0
10,2,0
0.0153809,0.0153809,0
0.5,1,0
0.99996,0,0
1.25,1,0
11,2,0
1,0,0
0.301021,-4.34882e-06,0
0.301021,-4.34882e-06,0
0.0153809,0.0153809,0
1,1,0
1,0,0
1,1,0
11,2,0
0.0153809,0.0153809,0
1.14974e+06,-0,0
1,1,0
1,0,0
4e+10,0,0
1,1,0
11,2,0
0.0153809,0.0153809,0
1.14974e+06,-0,0
1,1,0
1,0,0
4e+10,0,0
1,1,0
11,2,0
0.0153809,0.0153809,0
1.14974e+06,-0,0
1,1,0
1,1,0
10,12,0
0.0153809,0.0153809,0
1,1,0
1,1,0
10,12,0
0.0153809,0.0153809,0
1,1,0
1,1,0
10,12,0
0.0153809,0.0153809,0
1,1,0
1,1,0
10,12,0
0.0153809,0.0153809,0
0.388889,1,0
0.5,0,0
2.49989,0,0
1.22222,1,0
9.5,12,0
0.25,0,0
0.301021,-4.34882e-06,0
0.439234,-4.34882e-06,0
0.00756836,0.0153809,0
0.301021,-4.34882e-06,0
0.555556,1,0
0.333333,0,0
1,1,0
9.66667,12,0
0.222222,0,0
0.276426,-4.34882e-06,0
0.276426,-4.34882e-06,0
0.00843642,0.0153809,0
0.276426,-4.34882e-06,0
319682,-0,0
1,1,0
1,1,0
10,12,0
0.0153809,0.0153809,0
0.68,1,0
0.2,0,0
4.74979,0,0
1.16,1,0
9.8,12,0
0.16,0,0
0.217313,-4.34882e-06,0
0.217313,-4.34882e-06,0
0.0103809,0.0153809,0
0.217313,-4.34882e-06,0
1,0.555556,0
1,1,0
10,2.66667,0
0.0153809,0.00843642,0
1,0.5,0
1,2,0
10,4,0
0.0153809,0.0153809,0
1,1,0
1,1,0
10,2,0
0.0153809,0.0153809,0
1,1,0
1,1,0
10,2,0
0.0153809,0.0153809,0
1,1,0
1,1,0
10,2,0
0.0153809,0.0153809,0
1,1,0
1,1,0
10,2,0
0.0153809,0.0153809,0
1,1,0
1,1,0
10,2,0
0.0153809,0.0153809,0
1,1,0
1,1,0
10,2,0
0.0153809,0.0153809,0
1,1,0
1,1,0
10,2,0
0.0153809,0.0153809,0
1,1,0
1,1,0
10,2,0
0.0153809,0.0153809,0
1,1,0
1,1,0
10,2,0
0.0153809,0.0153809,0
1,1,0
1,1,0
10,2,0
0.0153809,0.0153809,0
1,1,0
1,1,0
10,2,0
0.0153809,0.0153809,0
1,1,0
1,1,0
10,2,0
0.0153809,0.0153809,0
1,1,0
1,1,0
10,2,0
0.0153809,0.0153809,0
1,1,0
1,1,0
10,2,0
0.0153809,0.0153809,0
1,1,0
1,1,0
10,2,0
0.0153809,0.0153809,0
1,1,0
1,1,0
10,2,0
0.0153809,0.0153809,0
1,1,0
1,1,0
10,2,0
0.0153809,0.0153809,0
1,1,0
1,1,0
10,2,0
0.0153809,0.0153809,0
1,1,0
1,1,0
10,2,0
0.0153809,0.0153809,0
1,1,0
1,1,0
10,2,0
0.0153809,0.0153809,0
0.959247,0.123681,0
0.145078,2.42487,0
1.14336,2.91184,0
10.0414,8.15544,0
0.14336,5.09501,0
0.0488467,0.768335,0
0.0488467,1.02578,0
0.0147441,0.00555341,0
0.0488467,0.478717,0
0.955331,0.103478,0
0.205714,2.53143,0
1.20101,2.72558,0
10.0686,8.09714,0
0.201012,4.62485,0
0.0473118,0.760555,0
0.0473118,1.05122,0
0.0146829,0.00416657,0
0.0473118,0.569362,0
0.967222,0.136728,0
0.999948,1.18437,0
1.1475,2.7475,0
9.83333,8.25556,0
0.59,6.72358,0
0.0368047,0.855477,0
0.0368047,0.931747,0
0.0153809,0.00832453,0
0.967099,0.105432,0
0.105556,2.55556,0
1.11111e+09,0.571065,0
1,2.82627,0
10.0278,8.22222,0
0.104784,4.95062,0
0.0414076,0.772831,0
0.0414076,1.05401,0
0.0148668,0.00407395,0
0.0414076,0.575123,0
9639.72,-0.429582,0
0.7888,0.2864,0
0.999938,0.568958,0
1.1056,3.1344,0
9.76,6.64,0
0.4224,4.7904,0
0.159345,0.440801,0
0.159345,0.632533,0
0.0153809,0.00798086,0
0.869203,0.196195,0
0.0344828,2.89655,0
2.61092,0.765553,0
1.06421,3.94174,0
9.89655,6.89655,0
0.161712,8.02378,0
0.129736,0.659362,0
0.129736,0.880489,0
0.0143404,0.00534816,0
0.0651333,0.511303,0
0.933413,0.26516,0
0.99989,1.14775,0
1.03329,2.86683,0
9.93103,5.7931,0
0.133175,7.68133,0
0.0651333,0.717316,0
0.0651333,0.717316,0
0.0153809,0.011665,0
0.82,0.275,0
0.1,4.15,0
1,2.4275,0
9.9,6.65,0
0.09,4.1275,0
0.141173,0.510363,0
0.141173,0.65689,0
0.0125684,0.00733399,0
0.141173,0.384974,0
82510.4,-1.83219,0
0.68595,0.338843,0
0.0909091,1.72727,0
2.83319,0.423071,0
1.14876,3.36364,0
9.72727,3.72727,0
0.380165,6.7438,0
0.260636,0.562192,0
0.260636,0.616921,0
0.0127982,0.00737466,0
0.132293,0.373466,0
1,0.55102,0
1,1.20408,0
10,2.57143,0
0.0153809,0.00900331,0
0.722222,0.5,0
0.166667,2.66667,0
1,2.25,0
9.83333,3.66667,0
0.138889,5.88889,0
0.195668,0.376765,0
0.195668,0.376765,0
0.0110406,0.0110406,0
0.195668,0.195668,0
146629,-4.19843,0
0.591837,0.265306,0
0.285714,3.85714,0
1,2.26531,0
9.71429,4.42857,0
0.204082,4.81633,0
0.259816,0.554592,0
0.259816,0.640596,0
0.00900331,0.00453902,0
0.259816,0.554592,0
268751,-2.9521,0
1,1,0
1,1,0
10,2,0
0.0153809,0.0153809,0
1,1,0
1,1,0
10,2,0
0.0153809,0.0153809,0
1,1,0
1,1,0
10,2,0
0.0153809,0.0153809,0
1,1,0
1,1,0
10,2,0
0.0153809,0.0153809,0
1,1,0
1,1,0
10,2,0
0.0153809,0.0153809,0
1,1,0
1,1,0
10,2,0
0.0153809,0.0153809,0
1,1,0
1,1,0
10,2,0
0.0153809,0.0153809,0
1,1,0
1,1,0
10,2,0
0.0153809,0.0153809,0
1,1,0
1,1,0
10,2,0
0.0153809,0.0153809,0
1,1,0
1,1,0
10,2,0
0.0153809,0.0153809,0
1,1,0
1,1,0
10,2,0
0.0153809,0.0153809,0
1,1,0
1,1,0
10,2,0
0.0153809,0.0153809,0
1,1,0
1,1,0
10,2,0
0.0153809,0.0153809,0
1,1,0
1,1,0
10,2,0
0.0153809,0.0153809,0
1,1,0
1,1,0
10,2,0
0.0153809,0.0153809,0
1,1,0
1,1,0
10,2,0
0.0153809,0.0153809,0
1,1,0
1,1,0
10,2,0
0.0153809,0.0153809,0
1,1,0
1,1,0
10,2,0
0.0153809,0.0153809,0
1,1,0
1,1,0
10,2,0
0.0153809,0.0153809,0
1,1,0
1,1,0
10,2,0
0.0153809,0.0153809,0
0.609467,0.195266,0
0.846154,3.84615,0
2.1716,3.08284,0
10.6923,4.15385,0
2.21302,2.28402,0
0.344695,0.612552,0
0.344695,0.772246,0
0.0094637,0.00650512,0
0.298387,0.465554,0
0.472222,0.194444,0
1,3.83333,0
2.24306,3.08333,0
10.6667,4.33333,0
2.55556,2.38889,0
0.4771,0.589741,0
0.4771,0.740251,0
0.00778537,0.00604926,0
0.357828,0.485847,0
0.514793,0.230769,0
0.384615,0.615385,0
1.64412,0.90369,0
2.31361,2.59763,0
8.53846,5.53846,0
4.92308,5.32544,0
0.406984,0.706146,0
0.406984,0.706146,0
0.0111279,0.00724477,0
0.232752,0.372933,0
0.583333,0.208333,0
0.916667,3.83333,0
6.41156,0.307685,0
1.35417,1.72222,0
10.9167,4,0
2.74306,2.5,0
0.313315,0.589741,0
0.363482,0.727954,0
0.00908746,0.00604926,0
0.313315,0.485847,0
1,0.5,0
1,1,0
10,2.5,0
0.0153809,0.00756836,0
1,0.277778,0
1,1.22222,0
10,3.16667,0
0.0153809,0.00583225,0
1,0.5,0
1,1,0
10,2.5,0
0.0153809,0.00756836,0
1,0.375,0
1,1.1875,0
10,2.5,0
0.0153809,0.00756836,0
1,1,0
1,1,0
10,2,0
0.0153809,0.0153809,0
1,1,0
1,1,0
10,2,0
0.0153809,0.0153809,0
1,1,0
1,1,0
10,2,0
0.0153809,0.0153809,0
1,1,0
1,1,0
10,2,0
0.0153809,0.0153809,0
1,1,0
1,1,0
10,2,0
0.0153809,0.0153809,0
1,1,0
1,1,0
10,2,0
0.0153809,0.0153809,0
1,1,0
1,1,0
10,2,0
0.0153809,0.0153809,0
1,1,0
1,1,0
10,2,0
0.0153809,0.0153809,0
1,1,0
1,1,0
10,2,0
0.0153809,0.0153809,0
1,1,0
1,1,0
10,2,0
0.0153809,0.0153809,0
1,1,0
1,1,0
10,2,0
0.0153809,0.0153809,0
1,1,0
1,1,0
10,2,0
0.0153809,0.0153809,0
1,1,0
1,1,0
10,2,0
0.0153809,0.0153809,0
1,1,0
1,1,0
10,2,0
0.0153809,0.0153809,0
1,1,0
1,1,0
10,2,0
0.0153809,0.0153809,0
1,1,0
1,1,0
10,2,0
0.0153809,0.0153809,0
1,1,0
1,1,0
10,2,0
0.0153809,0.0153809,0
1,1,0
1,1,0
10,2,0
0.0153809,0.0153809,0
1,1,0
1,1,0
10,2,0
0.0153809,0.0153809,0
1,1,0
1,1,0
10,2,0
0.0153809,0.0153809,0
1,1,0
1,1,0
10,2,0
0.0153809,0.0153809,0
